/*M!999999\- enable the sandbox mode */ 
-- MariaDB dump 10.19-12.1.2-MariaDB, for Linux (x86_64)
--
-- Host: localhost    Database: novydb
-- ------------------------------------------------------
-- Server version	12.1.2-MariaDB

/*!40101 SET @OLD_CHARACTER_SET_CLIENT=@@CHARACTER_SET_CLIENT */;
/*!40101 SET @OLD_CHARACTER_SET_RESULTS=@@CHARACTER_SET_RESULTS */;
/*!40101 SET @OLD_COLLATION_CONNECTION=@@COLLATION_CONNECTION */;
/*!40101 SET NAMES utf8mb4 */;
/*!40103 SET @OLD_TIME_ZONE=@@TIME_ZONE */;
/*!40103 SET TIME_ZONE='+00:00' */;
/*!40014 SET @OLD_UNIQUE_CHECKS=@@UNIQUE_CHECKS, UNIQUE_CHECKS=0 */;
/*!40014 SET @OLD_FOREIGN_KEY_CHECKS=@@FOREIGN_KEY_CHECKS, FOREIGN_KEY_CHECKS=0 */;
/*!40101 SET @OLD_SQL_MODE=@@SQL_MODE, SQL_MODE='NO_AUTO_VALUE_ON_ZERO' */;
/*M!100616 SET @OLD_NOTE_VERBOSITY=@@NOTE_VERBOSITY, NOTE_VERBOSITY=0 */;

--
-- Table structure for table `fuck`
--

DROP TABLE IF EXISTS `fuck`;
/*!40101 SET @saved_cs_client     = @@character_set_client */;
/*!40101 SET character_set_client = utf8mb4 */;
CREATE TABLE `fuck` (
  `id` int(11) NOT NULL,
  `admin` text NOT NULL,
  `time` bigint(20) unsigned DEFAULT NULL
) ENGINE=InnoDB DEFAULT CHARSET=latin1 COLLATE=latin1_swedish_ci;
/*!40101 SET character_set_client = @saved_cs_client */;

--
-- Dumping data for table `fuck`
--

LOCK TABLES `fuck` WRITE;
/*!40000 ALTER TABLE `fuck` DISABLE KEYS */;
set autocommit=0;
INSERT INTO `fuck` VALUES
(0,'a',NULL),
(0,'a',NULL),
(0,'\"',NULL),
(0,'\"',NULL),
(0,'\'',NULL),
(0,'\\',NULL),
(0,'--',NULL);
/*!40000 ALTER TABLE `fuck` ENABLE KEYS */;
UNLOCK TABLES;
commit;

--
-- Table structure for table `line_coords`
--

DROP TABLE IF EXISTS `line_coords`;
/*!40101 SET @saved_cs_client     = @@character_set_client */;
/*!40101 SET character_set_client = utf8mb4 */;
CREATE TABLE `line_coords` (
  `id` int(11) NOT NULL AUTO_INCREMENT,
  `line_id` int(11) NOT NULL,
  `seq` int(11) NOT NULL,
  `x` int(11) NOT NULL,
  `y` int(11) NOT NULL DEFAULT 64,
  `z` int(11) NOT NULL,
  PRIMARY KEY (`id`),
  KEY `idx_line_seq` (`line_id`,`seq`),
  CONSTRAINT `line_coords_ibfk_1` FOREIGN KEY (`line_id`) REFERENCES `lines` (`id`) ON DELETE CASCADE
) ENGINE=InnoDB AUTO_INCREMENT=1293 DEFAULT CHARSET=utf8mb4 COLLATE=utf8mb4_unicode_ci;
/*!40101 SET character_set_client = @saved_cs_client */;

--
-- Dumping data for table `line_coords`
--

LOCK TABLES `line_coords` WRITE;
/*!40000 ALTER TABLE `line_coords` DISABLE KEYS */;
set autocommit=0;
INSERT INTO `line_coords` VALUES
(249,2,1,-18873,64,-16961),
(250,2,2,-18873,64,-16937),
(251,2,3,-18908,64,-16937),
(252,2,4,-18908,64,-16926),
(253,2,5,-18911,64,-16925),
(254,2,6,-18911,64,-16885),
(255,2,7,-18908,64,-16885),
(256,2,8,-18908,64,-16878),
(257,2,9,-18900,64,-16878),
(258,2,10,-18900,64,-16823),
(259,2,11,-18904,64,-16823),
(260,2,12,-18904,64,-16775),
(261,2,13,-18908,64,-16775),
(262,2,14,-18908,64,-16743),
(263,2,15,-18872,64,-16744),
(264,2,16,-18825,64,-16746),
(265,2,17,-18825,64,-16718),
(266,2,18,-18818,64,-16718),
(267,2,19,-18818,64,-16700),
(268,2,20,-18796,64,-16700),
(269,2,21,-18796,64,-16691),
(270,2,22,-18800,64,-16691),
(271,2,23,-18800,64,-16664),
(272,2,24,-18793,64,-16664),
(273,2,25,-18781,64,-16650),
(274,2,26,-18781,64,-16642),
(275,2,27,-18772,64,-16642),
(276,2,28,-18772,64,-16627),
(277,2,29,-18767,64,-16627),
(278,3,1,-17390,64,-16703),
(279,3,2,-17390,64,-16697),
(280,3,3,-17346,64,-16697),
(281,3,4,-17322,64,-16703),
(282,3,5,-17167,64,-16703),
(283,3,6,-17141,64,-16685),
(284,3,7,-17072,64,-16685),
(285,3,8,-17052,64,-16703),
(286,4,1,-17192,64,-16703),
(287,4,2,-17192,64,-16769),
(288,4,3,-17192,64,-16875),
(289,4,4,-17212,64,-16917),
(290,4,5,-17227,64,-16917),
(291,4,6,-17232,64,-16926),
(292,4,7,-17232,64,-17024),
(293,4,8,-17291,64,-17024),
(294,4,9,-17291,64,-17076),
(295,4,10,-17297,64,-17084),
(296,4,11,-17297,64,-17200),
(297,4,12,-17358,64,-17200),
(298,4,13,-17358,64,-17233),
(299,4,14,-17420,64,-17233),
(300,4,15,-17420,64,-17391),
(301,6,1,-18900,64,-16823),
(302,6,2,-18900,64,-16802),
(303,6,3,-18852,64,-16802),
(304,6,4,-18852,64,-16806),
(305,6,5,-18862,64,-16806),
(306,6,6,-18862,64,-16793),
(307,6,7,-18851,64,-16793),
(308,6,8,-18851,64,-16768),
(309,6,9,-18857,64,-16768),
(310,6,10,-18857,64,-16774),
(311,6,11,-18859,64,-16774),
(312,6,12,-18859,64,-16783),
(313,7,1,-19810,64,-19363),
(314,7,2,-19810,64,-19287),
(315,7,3,-19779,64,-19221),
(316,7,4,-19397,64,-19221),
(317,7,5,-19342,64,-19282),
(318,7,6,-18952,64,-19282),
(319,7,7,-18952,64,-19041),
(320,7,8,-18967,64,-19028),
(321,7,9,-19036,64,-19023),
(322,7,10,-19047,64,-19009),
(323,7,11,-19040,64,-18957),
(324,7,12,-19040,64,-18780),
(325,7,13,-19009,64,-18628),
(326,7,14,-19009,64,-18276),
(327,7,15,-19066,64,-18170),
(328,7,16,-18984,64,-17965),
(329,7,17,-18984,64,-17917),
(330,7,18,-18976,64,-17880),
(331,7,19,-18976,64,-16961),
(332,7,20,-18740,64,-16961),
(333,7,21,-18730,64,-16949),
(334,7,22,-18692,64,-16949),
(335,7,23,-18682,64,-16961),
(336,7,24,-18572,64,-16961),
(337,7,25,-18556,64,-16945),
(338,7,26,-18556,64,-16860),
(339,7,27,-18446,64,-16860),
(340,7,28,-18427,64,-16873),
(341,7,29,-18324,64,-16873),
(342,7,30,-18324,64,-16750),
(343,7,31,-17802,64,-16750),
(344,7,32,-17802,64,-16638),
(345,7,33,-17716,64,-16638),
(346,7,34,-17673,64,-16703),
(347,7,35,-16819,64,-16703),
(348,7,36,-16819,64,-16182),
(349,7,37,-16768,64,-16122),
(350,7,38,-16768,64,-14613),
(351,7,39,-16720,64,-14507),
(352,7,40,-16720,64,-14377),
(353,7,41,-16686,64,-14222),
(354,7,42,-16686,64,-13187),
(355,8,1,-18805,64,-16961),
(356,8,2,-18417,64,-16961),
(357,8,3,-18417,64,-17059),
(358,8,4,-17802,64,-17059),
(359,8,5,-17802,64,-16749),
(360,9,1,-17157,64,-16703),
(361,9,2,-17157,64,-17193),
(362,9,3,-16896,64,-17193),
(363,9,4,-16833,64,-17218),
(364,9,5,-16824,64,-17248),
(365,9,6,-16824,64,-17810),
(366,9,7,-16822,64,-17852),
(367,9,8,-16833,64,-18534),
(368,9,9,-16813,64,-18607),
(369,9,10,-16599,64,-18644),
(370,9,11,-16574,64,-18763),
(371,9,12,-16541,64,-18774),
(372,9,13,-14765,64,-18774),
(373,11,1,-16753,64,-15882),
(374,11,2,-16076,64,-15882),
(375,11,3,-16076,64,-15814),
(376,11,4,-16104,64,-15814),
(377,11,5,-16104,64,-15728),
(378,11,6,-16075,64,-15728),
(379,11,7,-16075,64,-15579),
(380,12,1,-15374,64,-15283),
(381,12,2,-15514,64,-15283),
(382,12,3,-15514,64,-15546),
(383,12,4,-15755,64,-15546),
(384,12,5,-15755,64,-15768),
(385,12,6,-15754,64,-15769),
(386,12,7,-15754,64,-16080),
(387,12,8,-15810,64,-16080),
(388,12,9,-15810,64,-16168),
(389,12,10,-16205,64,-16168),
(390,12,11,-16205,64,-16211),
(391,12,12,-16217,64,-16211),
(392,12,13,-16217,64,-16261),
(393,12,14,-16346,64,-16261),
(394,12,15,-16346,64,-16273),
(395,12,16,-16483,64,-16273),
(396,12,17,-16483,64,-16287),
(397,12,18,-17096,64,-16287),
(398,12,19,-17096,64,-16330),
(399,12,20,-17362,64,-16330),
(400,12,21,-17362,64,-16337),
(401,12,22,-17292,64,-16405),
(402,12,23,-17282,64,-16408),
(403,12,24,-17212,64,-16478),
(404,12,25,-17212,64,-16616),
(405,12,26,-17180,64,-16624),
(406,12,27,-17180,64,-16697),
(407,16,1,-7421,64,-14652),
(408,16,2,-7421,64,-14842),
(409,16,3,-7327,64,-14842),
(410,16,4,-7327,64,-15039),
(411,17,1,-16416,64,-17253),
(412,17,2,-16364,64,-17256),
(413,17,3,-16358,64,-17260),
(414,17,4,-16358,64,-17277),
(415,17,5,-16387,64,-17277),
(416,18,1,-19114,64,-16975),
(417,18,2,-19114,64,-19081),
(418,18,3,-19156,64,-19081),
(419,19,1,-1144,64,-531),
(420,19,2,-1144,64,-506),
(421,19,3,-1084,64,-450),
(422,19,4,-979,64,-445),
(423,19,5,-930,64,-445),
(424,19,6,-884,64,-393),
(425,19,7,-884,64,-225),
(426,19,8,-854,64,-225),
(427,19,9,-812,64,-31),
(428,19,10,-812,64,-15),
(429,20,1,28,64,-13954),
(430,20,2,28,64,-13911),
(431,20,3,-31,64,-13842),
(432,20,4,-31,64,-13806),
(433,20,5,-156,64,-13693),
(434,20,6,-156,64,-13659),
(435,20,7,-321,64,-13490),
(436,20,8,-382,64,-13490),
(437,21,1,47,64,-9),
(438,21,2,47,64,-14130),
(439,22,1,47,64,5),
(440,22,2,47,64,14022),
(441,23,1,47,64,5),
(442,23,2,47,64,14022),
(443,24,1,40,64,-2),
(444,24,2,-10224,64,-2),
(445,25,1,-13975,64,-3825),
(446,25,2,13975,64,-3825),
(447,26,1,-16130,64,-1912),
(448,26,2,8375,64,-1912),
(449,27,1,9700,64,-6000),
(450,27,2,-10000,64,-6000),
(451,28,1,54,64,-2),
(452,28,2,10200,64,-2),
(453,31,1,-19090,64,-17037),
(454,31,2,-19090,64,-16916),
(455,31,3,-19090,64,-14998),
(456,32,1,-19087,64,-14998),
(457,32,2,-4025,64,-14998),
(458,36,1,-18438,64,-12089),
(459,36,2,-18378,64,-12089),
(460,36,3,-18378,64,-12063),
(461,36,4,-18274,64,-12063),
(462,36,5,-18274,64,-12043),
(463,36,6,-18259,64,-12043),
(464,36,7,-18259,64,-12021),
(465,36,8,-18144,64,-12021),
(466,36,9,-18144,64,-11565),
(467,36,10,-18115,64,-11565),
(468,36,11,-18120,64,-11538),
(469,37,1,-18440,64,-12200),
(470,37,2,-18462,64,-12200),
(471,37,3,-18462,64,-11957),
(472,37,4,-18551,64,-11957),
(473,37,5,-18551,64,-11929),
(474,37,6,-18577,64,-11929),
(475,37,7,-18609,64,-11966),
(476,37,8,-18662,64,-11966),
(477,37,9,-18662,64,-11948),
(478,37,10,-18722,64,-11948),
(479,37,11,-18722,64,-11961),
(480,37,12,-18806,64,-11961),
(481,37,13,-18806,64,-11811),
(482,37,14,-19216,64,-11811),
(483,37,15,-19216,64,-11802),
(484,37,16,-19252,64,-11802),
(485,37,17,-19252,64,-11811),
(486,37,18,-19982,64,-11812),
(487,40,1,-12750,64,5522),
(488,40,2,-12750,64,5490),
(489,40,3,-12809,64,5540),
(490,40,4,-12809,64,6901),
(491,40,5,-12752,64,6901),
(492,40,6,-12752,64,8009),
(493,40,7,-11042,64,8009),
(494,40,8,-11041,64,8002),
(495,41,1,-4848,64,-14998),
(496,41,2,-4848,64,-15585),
(497,42,1,-11602,64,8001),
(498,42,2,10000,64,8001),
(499,44,1,-10000,64,2168),
(500,44,2,10000,64,2168),
(501,45,1,-10000,64,6000),
(502,45,2,10000,64,6000),
(503,47,1,2124,64,-10000),
(504,47,2,2124,64,10000),
(505,48,1,-18331,64,-12427),
(506,48,2,-18325,64,-12427),
(507,48,3,-18325,64,-12438),
(508,48,4,-18343,64,-12433),
(509,48,5,-18387,64,-12433),
(510,48,6,-18387,64,-12443),
(511,48,7,-18468,64,-12443),
(512,48,8,-18468,64,-12413),
(513,48,9,-18490,64,-12413),
(514,48,10,-18490,64,-12547),
(521,52,1,-10000,64,-7999),
(522,52,2,10000,64,-7999),
(523,53,1,-4024,64,-15000),
(524,53,2,-4024,64,-6002),
(525,56,1,8000,64,-12000),
(526,56,2,8000,64,10000),
(527,57,1,-18457,301,-16856),
(528,57,2,-18457,169,-16721),
(529,57,3,-18536,92,-16598),
(530,57,4,-18568,79,-16544),
(531,57,5,-18701,79,-16525),
(532,57,6,-18701,79,-16489),
(533,57,7,-18971,79,-16436),
(534,57,8,-19038,79,-15989),
(535,57,9,-19192,79,-15972),
(536,57,10,-19192,64,-15660),
(537,57,11,-19236,71,-15390),
(538,57,12,-19536,63,-15390),
(539,57,13,-19536,64,-13129),
(540,57,14,-19552,66,-13084),
(541,57,15,-19552,70,-12916),
(542,57,16,-19465,70,-12825),
(543,57,17,-19465,69,-12555),
(544,57,18,-19418,66,-12520),
(545,57,19,-19418,66,-12491),
(546,57,20,-19423,66,-12487),
(547,57,21,-19468,72,-12487),
(548,57,22,-19474,72,-12482),
(549,57,23,-19474,79,-12197),
(550,57,24,-19419,64,-12161),
(551,57,25,-19419,74,-11837),
(552,57,26,-19444,74,-11811),
(553,57,27,-19912,71,-11811),
(554,57,28,-19917,71,-11809),
(555,57,29,-19990,66,-11809),
(556,57,30,-19990,66,-11801),
(557,57,31,-19959,71,-11801),
(558,57,32,-19954,71,-11796),
(559,57,33,-19954,73,-11786),
(560,57,34,-19946,78,-11760),
(561,57,35,-19930,78,-11749),
(562,57,36,-19929,79,-11625),
(563,57,37,-19921,83,-11607),
(564,57,38,-19851,82,-11607),
(565,57,39,-19834,81,-11600),
(566,57,40,-19834,68,-11418),
(567,57,41,-19829,68,-11413),
(568,57,42,-19470,68,-11413),
(569,57,43,-19465,68,-11408),
(570,57,44,-19465,68,-11296),
(571,57,45,-19460,68,-11291),
(572,57,46,-19327,60,-11291),
(573,57,47,-19322,60,-11286),
(574,57,48,-19322,64,-11185),
(575,60,1,-18639,64,-12025),
(576,60,2,-18637,64,-12025),
(577,60,3,-18637,64,-11490),
(578,60,4,-18380,64,-11233),
(579,60,5,-18373,64,-11202),
(580,60,6,-18373,64,-11064),
(581,60,7,-18370,64,-11046),
(582,60,8,-18348,64,-11039),
(583,60,9,-18321,64,-11039),
(584,60,10,-18278,64,-11031),
(585,60,11,-18244,64,-10876),
(586,60,12,-18244,64,-10786),
(587,60,13,-18243,64,-10652),
(588,60,14,-18239,64,-10635),
(589,60,15,-18234,64,-10631),
(590,60,16,-18083,64,-10597),
(591,60,17,-17970,64,-10597),
(592,60,18,-17846,64,-10610),
(593,60,19,-17829,64,-10615),
(594,60,20,-17395,64,-10615),
(595,62,1,-9999,64,-3983),
(596,62,2,-9999,64,10000),
(597,63,1,-4044,64,-5999),
(598,63,2,-4044,64,-5391),
(599,63,3,-4024,64,-5371),
(600,63,4,-4024,64,-5296),
(601,63,5,-4019,64,-5280),
(602,63,6,-4019,64,-5155),
(603,63,7,-4014,64,-5141),
(604,63,8,-4014,64,-5110),
(605,63,9,-4043,64,-5084),
(606,63,10,-4079,64,-5084),
(607,63,11,-4091,64,-5079),
(608,63,12,-4219,64,-4951),
(609,63,13,-4222,64,-4941),
(610,63,14,-4222,64,-4706),
(611,63,15,-4217,64,-4694),
(612,63,16,-4128,64,-4605),
(613,63,17,-4118,64,-4602),
(614,63,18,-4093,64,-4602),
(615,63,19,-4077,64,-4586),
(616,63,20,-4077,64,-4442),
(617,63,21,-4068,64,-4433),
(618,63,22,-4043,64,-4433),
(619,63,23,-4033,64,-4423),
(620,63,24,-4033,64,-4347),
(621,63,25,-4027,64,-4339),
(622,63,26,-4015,64,-4339),
(623,63,27,-4009,64,-4336),
(624,63,28,-4004,64,-4325),
(625,63,29,-4004,64,-4105),
(626,63,30,-4012,64,-4079),
(627,63,31,-4012,64,-3902),
(628,63,32,-4021,64,-3889),
(629,63,33,-4021,64,-3842),
(630,63,34,-4024,64,-3835),
(631,63,35,-4024,64,-3826),
(632,65,1,-4539,64,-3826),
(633,65,2,-4539,64,-4299),
(634,65,3,-4543,64,-4315),
(635,65,4,-4543,64,-4382),
(636,65,5,-4538,64,-4387),
(637,65,6,-4511,64,-4387),
(638,65,7,-4506,64,-4389),
(639,65,8,-4502,64,-4394),
(640,65,9,-4501,64,-4400),
(641,65,10,-4501,64,-4442),
(642,65,11,-4499,64,-4447),
(643,65,12,-4492,64,-4454),
(644,66,1,-4100,64,-4472),
(645,66,2,-4100,64,-4449),
(646,66,3,-4098,64,-4447),
(647,66,4,-4087,64,-4447),
(648,66,5,-4085,64,-4449),
(649,66,6,-4085,64,-4571),
(650,66,7,-4092,64,-4578),
(651,66,8,-4230,64,-4578),
(652,66,9,-4239,64,-4594),
(653,66,10,-4408,64,-4594),
(654,67,1,-14913,64,-12850),
(655,67,2,-14913,64,-14188),
(656,67,3,-14753,64,-14188),
(657,67,4,-14753,64,-15000),
(658,68,1,-8000,64,-10000),
(659,68,2,-8000,64,10000),
(660,69,1,40,64,4),
(661,69,2,-2120,64,2164),
(662,70,1,52,64,4),
(663,70,2,2122,64,2074),
(664,74,1,-15526,64,-15552),
(665,74,2,-15510,64,-15552),
(666,74,3,-15487,64,-15544),
(667,74,4,-15366,64,-15544),
(668,74,5,-15360,64,-15560),
(669,74,6,-15328,64,-15560),
(670,74,7,-15328,64,-15640),
(671,74,8,-15136,64,-15640),
(672,74,9,-15136,64,-15560),
(673,74,10,-15096,64,-15560),
(674,74,11,-14404,64,-15563),
(675,74,12,-14404,64,-15563),
(676,74,13,-14404,64,-15665),
(677,74,14,-14265,64,-15665),
(678,74,15,-14250,64,-15662),
(679,74,16,-14128,64,-15662),
(680,74,17,-14128,64,-15642),
(681,74,18,-14079,64,-15642),
(682,74,19,-14079,64,-15955),
(683,74,20,-14094,64,-15955),
(684,74,21,-14094,64,-15974),
(685,74,22,-14134,64,-15974),
(686,74,23,-14134,64,-16013),
(687,74,24,-14194,64,-16013),
(688,74,25,-14149,64,-16073),
(689,74,26,-14191,64,-16073),
(690,74,27,-14191,64,-16096),
(691,74,28,-13973,64,-16109),
(692,74,29,-13967,64,-16120),
(693,74,30,-13913,64,-16120),
(694,74,31,-13913,64,-16257),
(695,74,32,-13522,64,-16257),
(696,74,33,-13522,64,-16169),
(697,74,34,-13281,64,-16169),
(698,74,35,-13281,64,-16105),
(699,74,36,-12678,64,-16105),
(700,76,1,7803,64,7350),
(701,76,2,4331,64,7350),
(702,76,3,4324,64,7347),
(703,76,4,4319,64,7343),
(704,76,5,4314,64,7333),
(705,76,6,4314,64,6880),
(706,76,7,4317,64,6874),
(707,76,8,4317,64,6847),
(708,76,9,4312,64,6843),
(709,76,10,4312,64,6826),
(710,76,11,4314,64,6825),
(711,76,12,4311,64,6605),
(712,76,13,4318,64,6599),
(713,76,14,4318,64,6583),
(714,76,15,4322,64,6580),
(715,76,16,4322,64,6543),
(716,76,17,4372,64,6544),
(717,76,18,4372,64,6326),
(718,76,19,4377,64,6322),
(719,76,20,4377,64,6250),
(720,76,21,4365,64,6239),
(721,76,22,4365,64,6225),
(722,76,23,4346,64,6225),
(723,76,24,4346,64,6166),
(724,76,25,4342,64,6163),
(725,76,26,4342,64,6135),
(726,76,27,4337,64,6131),
(727,76,28,4337,64,6109),
(728,76,29,4325,64,6109),
(729,76,30,4322,64,6106),
(730,76,31,4322,64,6098),
(731,76,32,4316,64,6098),
(732,76,33,4304,64,6081),
(733,76,34,4304,64,6019),
(734,76,35,4314,64,6010),
(735,76,36,4327,64,5917),
(736,76,37,4327,64,5802),
(737,76,38,4322,64,5797),
(738,76,39,4228,64,5797),
(739,76,40,4222,64,5791),
(740,76,41,4222,64,5745),
(741,76,42,4217,64,5740),
(742,76,43,4147,64,5740),
(743,76,44,4139,64,5744),
(744,76,45,4096,64,5744),
(745,76,46,4087,64,5735),
(746,76,47,4087,64,5642),
(747,76,48,4078,64,5633),
(748,76,49,3826,64,5633),
(749,76,50,3817,64,5624),
(750,76,51,3817,64,5496),
(751,76,52,3808,64,5487),
(752,76,53,3670,64,5487),
(753,76,54,3653,64,5481),
(754,76,55,3582,64,5481),
(755,76,56,3574,64,5475),
(756,76,57,3573,64,5236),
(757,76,58,3556,64,5221),
(758,76,59,3338,64,5221),
(759,76,60,3329,64,5212),
(760,76,61,3329,64,5094),
(761,76,62,3297,64,5057),
(762,76,63,3297,64,4448),
(763,76,64,3288,64,4439),
(764,76,65,3253,64,4439),
(765,76,66,3232,64,4431),
(766,76,67,3223,64,4431),
(767,76,68,3179,64,4392),
(768,76,69,3081,64,4392),
(769,76,70,3072,64,4383),
(770,76,71,3072,64,3597),
(771,76,72,3064,64,3584),
(772,76,73,3064,64,3494),
(773,76,74,3059,64,3482),
(774,76,75,3059,64,3430),
(775,76,76,3072,64,3412),
(776,76,77,3072,64,3398),
(777,76,78,3082,64,3389),
(778,76,79,3082,64,3360),
(779,76,80,3078,64,3351),
(780,76,81,3078,64,3330),
(781,76,82,3069,64,3321),
(782,76,83,2906,64,3321),
(783,76,84,2897,64,3312),
(784,76,85,2897,64,3182),
(785,76,86,2881,64,3161),
(786,76,87,2881,64,2980),
(787,76,88,2872,64,2971),
(788,76,89,2807,64,2971),
(789,76,90,2795,64,2964),
(790,76,91,2587,64,2963),
(791,76,92,2579,64,2954),
(792,76,93,2579,64,2944),
(793,76,94,2570,64,2935),
(794,76,95,2556,64,2935),
(795,76,96,2540,64,2924),
(796,76,97,2523,64,2924),
(797,76,98,2507,64,2914),
(798,76,99,2478,64,2914),
(799,76,100,2439,64,2894),
(800,76,101,2429,64,2894),
(801,76,102,2422,64,2886),
(802,76,103,2422,64,2845),
(803,76,104,2413,64,2836),
(804,76,105,2372,64,2836),
(805,76,106,2363,64,2827),
(806,76,107,2363,64,2558),
(807,77,1,-19643,64,-17337),
(808,77,2,-19477,64,-17337),
(809,77,3,-19477,64,-17333),
(810,77,4,-19460,64,-17333),
(811,77,5,-19460,64,-17307),
(812,77,6,-19517,64,-17307),
(813,77,7,-19517,64,-17226),
(814,77,8,-19472,64,-17226),
(815,77,9,-19472,64,-17042),
(816,77,10,-19434,64,-17042),
(817,77,11,-19434,64,-16973),
(818,77,12,-19202,64,-16973),
(819,78,1,7808,64,7308),
(820,78,2,7085,64,7304),
(821,78,3,7065,64,7284),
(822,78,4,7065,64,6868),
(823,78,5,7045,64,6848),
(824,78,6,5920,64,6846),
(825,78,7,5809,64,6802),
(826,78,8,4248,64,6802),
(827,78,9,4180,64,6776),
(828,78,10,4159,64,6755),
(829,78,11,4133,64,6685),
(830,78,12,4133,64,5806),
(831,78,13,4125,64,5792),
(832,78,14,4125,64,5711),
(833,79,1,4407,64,6802),
(834,79,2,4353,64,6797),
(835,79,3,4304,64,6797),
(836,79,4,4295,64,6792),
(837,79,5,4293,64,6787),
(838,79,6,4293,64,5943),
(839,79,7,4283,64,5933),
(840,79,8,4115,64,5933),
(841,79,9,4110,64,5931),
(842,79,10,4105,64,5923),
(843,79,11,4105,64,5637),
(844,79,12,4103,64,5632),
(845,79,13,4094,64,5626),
(846,79,14,3765,64,5626),
(847,80,1,4024,64,-20000),
(848,80,2,4024,64,10000),
(849,81,1,-10000,64,4068),
(850,81,2,10000,64,4068),
(851,82,1,-7350,64,-8006),
(852,82,2,-7361,64,-8006),
(853,82,3,-7361,64,-8017),
(854,82,4,-7364,64,-8017),
(855,82,5,-7364,64,-8039),
(856,82,6,-7444,64,-8039),
(857,82,7,-7444,64,-8262),
(858,82,8,-7433,64,-8272),
(859,82,9,-7433,64,-8304),
(860,82,10,-7456,64,-8304),
(861,82,11,-7456,64,-8546),
(862,82,12,-7473,64,-8573),
(863,82,13,-7473,64,-8658),
(864,82,14,-7485,64,-8658),
(865,82,15,-7500,64,-8671),
(866,82,16,-7500,64,-8802),
(867,83,1,-19819,64,-18880),
(868,83,2,-19115,64,-18880),
(869,83,3,-19115,64,-18797),
(870,83,4,-19171,64,-18797),
(871,84,1,-12678,64,-16106),
(872,84,2,-12527,64,-16106),
(873,84,3,-12527,64,-16071),
(874,84,4,-12179,64,-16071),
(875,84,5,-12179,64,-15959),
(876,84,6,-12064,64,-15959),
(877,84,7,-12064,64,-15894),
(878,84,8,-11862,64,-15894),
(879,84,9,-11862,64,-15700),
(880,84,10,-11857,64,-15663),
(881,84,11,-11657,64,-15663),
(882,84,12,-11657,64,-15329),
(883,84,13,-11156,64,-15329),
(884,84,14,-11156,64,-15229),
(885,84,15,-11140,64,-15183),
(886,84,16,-11034,64,-15183),
(887,84,17,-11034,64,-15004),
(888,84,18,-11011,64,-15004),
(889,84,19,-11011,64,-14947),
(890,84,20,-10997,64,-14947),
(891,85,1,-19838,64,-19044),
(892,85,2,-19819,64,-19044),
(893,85,3,-19819,64,-19051),
(894,85,4,-19794,64,-19051),
(895,85,5,-19794,64,-19061),
(896,85,6,-19789,64,-19118),
(897,85,7,-19788,64,-19165),
(898,85,8,-19789,64,-19280),
(899,85,9,-19791,64,-19283),
(900,85,10,-19808,64,-19283),
(901,85,11,-19810,64,-19286),
(902,85,12,-19810,64,-19362),
(903,86,1,-7377,64,-2),
(904,86,2,-7377,64,-677),
(905,87,1,-7377,64,-677),
(906,87,2,-7537,64,-677),
(907,87,3,-7537,64,-773),
(908,87,4,-7505,64,-773),
(909,87,5,-7505,64,-806),
(910,87,6,-7473,64,-806),
(911,87,7,-7473,64,-934),
(912,87,8,-7280,64,-934),
(913,87,9,-7280,64,-677),
(914,87,10,-7377,64,-677),
(915,88,1,-16758,64,-15880),
(916,88,2,-16758,64,-16032),
(917,88,3,-16877,64,-16032),
(918,88,4,-16877,64,-16275),
(919,88,5,-17097,64,-16275),
(920,88,6,-17214,64,-16274),
(921,88,7,-17214,64,-16139),
(922,88,8,-17266,64,-16139),
(923,88,9,-17266,64,-16100),
(924,88,10,-17288,64,-16100),
(925,88,11,-17288,64,-16050),
(926,88,12,-17272,64,-16029),
(927,88,13,-17272,64,-15919),
(928,88,14,-17296,64,-15919),
(929,88,15,-17328,64,-15911),
(930,88,16,-17346,64,-15911),
(931,88,17,-17346,64,-15905),
(932,88,18,-17361,64,-15905),
(933,88,19,-17361,64,-15901),
(934,89,1,-17900,64,-16638),
(935,89,2,-17900,64,-14433),
(936,99,1,-9978,64,-5678),
(937,99,2,-9577,64,-5678),
(938,99,3,-9566,64,-5674),
(939,99,4,-9543,64,-5632),
(940,99,5,-9506,64,-5595),
(941,99,6,-9499,64,-5591),
(942,99,7,-9484,64,-5587),
(943,99,8,-8526,64,-5587),
(944,99,9,-8515,64,-5583),
(945,99,10,-8507,64,-5575),
(946,99,11,-8496,64,-5571),
(947,99,12,-7829,64,-5571),
(948,99,13,-7818,64,-5567),
(949,99,14,-7787,64,-5536),
(950,99,15,-7776,64,-5532),
(951,99,16,-6811,64,-5532),
(952,99,17,-6792,64,-5525),
(953,99,18,-6437,64,-5525),
(954,99,19,-6426,64,-5521),
(955,99,20,-6377,64,-5472),
(956,99,21,-6366,64,-5468),
(957,99,22,-5936,64,-5468),
(958,99,23,-5929,64,-5470),
(959,99,24,-5906,64,-5491),
(960,99,25,-5895,64,-5495),
(961,99,26,-5641,64,-5495),
(962,99,27,-5630,64,-5491),
(963,99,28,-5398,64,-5260),
(964,99,29,-5391,64,-5258),
(965,99,30,-5255,64,-5258),
(966,99,31,-5234,64,-5250),
(967,99,32,-4820,64,-5250),
(968,99,33,-4811,64,-5247),
(969,99,34,-4750,64,-5156),
(970,99,35,-4717,64,-5147),
(971,99,36,-4717,64,-5108),
(972,100,1,-18825,64,-16726),
(973,100,2,-18800,64,-16726),
(974,100,3,-18800,64,-16732),
(975,100,4,-18778,64,-16732),
(976,100,5,-18777,64,-16702),
(977,100,6,-18778,64,-16702),
(978,100,7,-18778,64,-16703),
(979,100,8,-18748,64,-16703),
(980,100,9,-18748,64,-16690),
(981,100,10,-18731,64,-16689),
(982,100,11,-18691,64,-16689),
(983,100,12,-18691,64,-16700),
(984,100,13,-18629,64,-16700),
(985,100,14,-18629,64,-16651),
(986,100,15,-18651,64,-16651),
(987,100,16,-18651,64,-16590),
(988,100,17,-18609,64,-16590),
(989,100,18,-18609,64,-16516),
(990,100,19,-18642,64,-16518),
(991,100,20,-18730,64,-16518),
(992,100,21,-18730,64,-16426),
(993,100,22,-18693,64,-16426),
(994,100,23,-18693,64,-16095),
(995,100,24,-18721,64,-16095),
(996,100,25,-18721,64,-16026),
(997,100,26,-18713,64,-16026),
(998,100,27,-18713,64,-15853),
(999,100,28,-18730,64,-15853),
(1000,100,29,-18730,64,-15756),
(1001,100,30,-18748,64,-15756),
(1002,100,31,-18748,64,-15655),
(1003,100,32,-18859,64,-15655),
(1004,100,33,-18859,64,-15425),
(1005,100,34,-18865,64,-15425),
(1006,100,35,-18865,64,-15380),
(1007,100,36,-18919,64,-15380),
(1008,100,37,-18919,64,-14842),
(1009,100,38,-18510,64,-14842),
(1010,100,39,-18510,64,-14548),
(1011,100,40,-18389,64,-14548),
(1012,100,41,-18389,64,-14481),
(1013,100,42,-18363,64,-14481),
(1014,100,43,-18363,64,-14243),
(1015,100,44,-18339,64,-14243),
(1016,100,45,-18339,64,-13003),
(1017,100,46,-18297,64,-13003),
(1018,100,47,-18281,64,-13001),
(1019,100,48,-18273,64,-12998),
(1020,100,49,-18267,64,-12992),
(1021,100,50,-18263,64,-12971),
(1022,100,51,-18263,64,-12944),
(1023,100,52,-18244,64,-12944),
(1024,100,53,-18244,64,-12778),
(1025,100,54,-18247,64,-12749),
(1026,100,55,-18252,64,-12737),
(1027,100,56,-18259,64,-12733),
(1028,100,57,-18263,64,-12731),
(1029,100,58,-18292,64,-12727),
(1030,100,59,-18306,64,-12721),
(1031,100,60,-18309,64,-12716),
(1032,100,61,-18311,64,-12696),
(1033,100,62,-18307,64,-12675),
(1034,100,63,-18294,64,-12668),
(1035,100,64,-18293,64,-12658),
(1036,100,65,-18298,64,-12653),
(1037,100,66,-18353,64,-12644),
(1038,100,67,-18359,64,-12637),
(1039,100,68,-18362,64,-12616),
(1040,100,69,-18359,64,-12611),
(1041,100,70,-18350,64,-12609),
(1042,100,71,-18339,64,-12548),
(1043,100,72,-18339,64,-12402),
(1044,100,73,-18342,64,-12392),
(1045,100,74,-18355,64,-12387),
(1046,100,75,-18425,64,-12379),
(1047,100,76,-18443,64,-12359),
(1048,100,77,-18450,64,-12336),
(1049,100,78,-18450,64,-12299),
(1050,100,79,-18439,64,-12218),
(1051,100,80,-18439,64,-10002),
(1052,100,81,-16014,64,-10002),
(1053,100,82,-16014,64,-10344),
(1054,100,83,-12673,64,-10344),
(1055,100,84,-12673,64,-10002),
(1056,100,85,-9982,64,-10002),
(1057,100,86,-9982,64,-5479),
(1058,100,87,-9979,64,-5468),
(1059,100,88,-9965,64,-5446),
(1060,100,89,-9967,64,-4551),
(1061,100,90,-9987,64,-4524),
(1062,100,91,-9987,64,-4190),
(1063,100,92,-9983,64,-4178),
(1064,100,93,-9983,64,-4102),
(1065,100,94,-9975,64,-4081),
(1066,100,95,-9975,64,-3984),
(1067,100,96,-9985,64,-3974),
(1068,100,97,-10002,64,-3974),
(1069,102,1,-19289,64,-10714),
(1070,102,2,-19289,64,-10729),
(1071,102,3,-19242,64,-10729),
(1072,102,4,-19227,64,-10729),
(1073,102,5,-19227,64,-10861),
(1074,102,6,-19152,64,-10861),
(1075,102,7,-19152,64,-10869),
(1076,102,8,-19152,64,-11034),
(1077,102,9,-19022,64,-11034),
(1078,102,10,-19022,64,-10997),
(1079,102,11,-18982,64,-10997),
(1080,102,12,-18982,64,-11132),
(1081,102,13,-18959,64,-11132),
(1082,102,14,-18959,64,-11401),
(1083,102,15,-18669,64,-11406),
(1084,102,16,-18679,64,-11465),
(1085,102,17,-18679,64,-11849),
(1086,102,18,-18653,64,-12032),
(1087,102,19,-18638,64,-12032),
(1088,102,20,-18638,64,-12084),
(1089,102,21,-18548,64,-12084),
(1090,102,22,-18548,64,-12198),
(1091,102,23,-18225,64,-12198),
(1092,102,24,-17469,64,-12198),
(1093,102,25,-17469,64,-13431),
(1094,102,26,-17469,64,-13744),
(1095,102,27,-17241,64,-13745),
(1096,102,28,-17068,64,-13922),
(1097,102,29,-17068,64,-14114),
(1098,102,30,-17068,64,-14361),
(1099,102,31,-17068,64,-14608),
(1100,102,32,-16817,64,-14608),
(1101,102,33,-16817,64,-15281),
(1102,102,34,-16826,64,-15416),
(1103,102,35,-16826,64,-15443),
(1104,102,36,-16806,64,-15443),
(1105,102,37,-16806,64,-15550),
(1106,102,38,-16794,64,-15562),
(1107,102,39,-16526,64,-15562),
(1108,102,40,-16514,64,-15634),
(1109,102,41,-16514,64,-15878),
(1110,102,42,-16283,64,-15878),
(1111,102,43,-16280,64,-16110),
(1112,102,44,-16245,64,-16138),
(1113,102,45,-16245,64,-16242),
(1114,102,46,-16216,64,-16242),
(1115,102,47,-16216,64,-16253),
(1116,102,48,-16227,64,-16253),
(1117,102,49,-16245,64,-16253),
(1118,102,50,-16231,64,-16294),
(1119,102,51,-16239,64,-16546),
(1120,102,52,-16320,64,-16546),
(1121,102,53,-16320,64,-17001),
(1122,102,54,-16414,64,-17001),
(1123,102,55,-16416,64,-17253),
(1124,102,56,-16429,64,-17253),
(1125,102,57,-16429,64,-17451),
(1126,102,58,-16126,64,-17451),
(1127,102,59,-16126,64,-17494),
(1128,102,60,-14994,64,-17494),
(1129,102,61,-14994,64,-17663),
(1130,102,62,-14769,64,-17663),
(1133,102,65,-14769,64,-17507),
(1134,102,66,-14737,64,-17452),
(1135,102,67,-14642,64,-17452),
(1136,102,68,-14642,64,-17350),
(1137,102,69,-14570,64,-17350),
(1138,102,70,-14570,64,-17317),
(1139,102,71,-14161,64,-17318),
(1140,102,72,-14160,64,-17262),
(1141,102,73,-13991,64,-17261),
(1142,102,74,-13991,64,-17205),
(1143,102,75,-13468,64,-17205),
(1144,102,76,-13468,64,-17064),
(1145,102,77,-12906,64,-17063),
(1146,102,78,-12906,64,-17021),
(1147,102,79,-12868,64,-17021),
(1148,102,80,-12868,64,-16928),
(1149,102,81,-12740,64,-16928),
(1150,102,82,-12740,64,-16598),
(1151,102,83,-12480,64,-16598),
(1152,102,84,-12480,64,-16527),
(1153,102,85,-12448,64,-16527),
(1154,102,86,-12430,64,-16516),
(1155,102,87,-10796,64,-16518),
(1156,102,88,-10796,64,-15838),
(1157,102,89,-10781,64,-15838),
(1159,102,91,-10781,64,-15084),
(1160,102,92,-10781,64,-14920),
(1161,102,93,-10041,64,-14920),
(1162,102,94,-10041,64,-14652),
(1163,102,95,-8923,64,-14652),
(1164,102,96,-8293,64,-14652),
(1165,102,97,-7945,64,-14652),
(1166,102,98,-7169,64,-14652),
(1167,102,99,-7169,64,-14636),
(1168,102,100,-7169,64,-14565),
(1169,102,101,-6773,64,-14565),
(1170,102,102,-6682,64,-14565),
(1171,102,103,-6682,64,-14755),
(1172,102,104,-6682,64,-14769),
(1173,102,105,-6676,64,-14768),
(1174,102,106,-5925,64,-15519),
(1175,102,107,-4824,64,-15520),
(1176,102,108,-4824,64,-15587),
(1177,103,1,-10889,64,-14920),
(1178,103,2,-10780,64,-14920),
(1185,107,-1,-5290,53,-15812),
(1186,107,0,-5393,53,-15812),
(1187,107,1,-5402,58,-15812),
(1188,107,2,-5420,58,-15812),
(1189,107,3,-5420,58,-15886),
(1190,107,4,-5524,58,-15886),
(1191,107,5,-5593,66,-15886),
(1192,107,6,-5715,66,-15886),
(1193,107,7,-5734,63,-15886),
(1194,107,8,-5783,63,-15886),
(1195,107,9,-5820,67,-15886),
(1196,107,10,-6005,67,-15886),
(1197,107,11,-6015,64,-15886),
(1198,107,12,-6030,64,-15886),
(1199,108,-1,-19547,67,-13011),
(1200,108,0,-19547,66,-13030),
(1201,108,1,-19542,66,-13035),
(1202,108,2,-19493,64,-13035),
(1203,108,3,-19460,64,-13001),
(1204,108,4,-19023,65,-13001),
(1205,108,5,-19016,65,-12995),
(1206,108,6,-19016,64,-12865),
(1207,108,7,-19004,64,-12858),
(1208,108,8,-18670,65,-12858),
(1209,108,9,-18664,65,-12864),
(1210,108,10,-18664,64,-12991),
(1211,108,11,-18641,64,-13001),
(1212,108,12,-17325,69,-13001),
(1213,108,13,-17319,69,-13007),
(1214,108,14,-17319,69,-13026),
(1215,108,15,-17313,69,-13032),
(1216,108,16,-17252,69,-13032),
(1217,108,17,-17245,69,-13026),
(1218,108,18,-17245,69,-13007),
(1219,108,19,-17293,69,-13001),
(1220,108,20,-17134,69,-13001),
(1221,108,21,-17128,69,-12995),
(1222,108,22,-17128,69,-12894),
(1223,108,23,-17122,69,-12888),
(1224,108,24,-16531,67,-12888),
(1225,108,25,-16525,67,-12894),
(1226,108,26,-16525,64,-13001),
(1227,108,27,-12586,69,-13001),
(1228,109,-1,10000,66,-10001),
(1229,109,0,10000,66,-11860),
(1230,109,1,10000,60,-11881),
(1231,109,2,10000,58,-11935),
(1232,109,3,10000,58,-12059),
(1233,109,4,10000,63,-12081),
(1234,110,-1,10000,63,-12081),
(1235,110,0,9967,63,-12081),
(1236,110,1,9961,66,-12081),
(1237,110,2,9709,66,-12081),
(1239,110,3,9709,66,-12001),
(1240,110,4,8000,66,-12001),
(1241,111,1,8000,66,-10001),
(1242,111,2,11995,66,-10001),
(1243,112,-1,-14075,108,-15920),
(1244,112,0,-14041,127,-15918),
(1245,112,1,-14040,123,-16040),
(1246,112,2,-14072,121,-16040),
(1247,112,3,-14072,135,-16058),
(1248,112,4,-14072,135,-16105),
(1252,12,0,-15373,64,-15283),
(1253,12,-1,-15365,56,-15283),
(1254,12,-2,-15244,56,-15283),
(1255,12,-3,-15241,56,-15282),
(1256,12,-4,-15239,56,-15281),
(1257,12,-5,-15236,56,-15278),
(1258,12,-6,-15234,56,-15273),
(1259,12,-7,-15234,56,-15066),
(1260,12,-8,-15234,70,-15026),
(1261,12,-9,-15233,70,-15000),
(1262,100,98,-10186,64,-3974),
(1263,100,99,-10186,64,-3914),
(1264,100,100,-10346,64,-3914),
(1265,100,101,-10346,64,-3925),
(1266,100,102,-10396,64,-3925),
(1267,100,103,-10396,64,-3914),
(1268,100,104,-10513,64,-3914),
(1269,100,105,-18420,64,-3914),
(1270,100,106,-18420,64,246),
(1271,100,107,-18357,64,246),
(1272,100,108,-18357,64,260),
(1273,100,109,-18342,64,260),
(1274,100,110,-18342,64,306),
(1275,100,111,-18298,64,306),
(1276,100,112,-18300,64,1027),
(1277,100,113,-17780,64,1027),
(1278,100,114,-17780,64,1025),
(1279,100,115,-14761,64,1025),
(1280,100,116,-14761,64,2263),
(1281,100,117,-14711,64,2263),
(1282,100,118,-14711,64,2446),
(1283,100,119,-14690,64,2446),
(1284,100,120,-14690,64,5035),
(1285,100,121,-14676,64,5035),
(1286,100,122,-14676,64,5269),
(1287,100,123,-12965,64,5270),
(1288,100,124,-12965,64,5312),
(1289,100,125,-12641,64,5312),
(1290,100,126,-12641,64,5527),
(1291,100,127,-12807,64,5527);
/*!40000 ALTER TABLE `line_coords` ENABLE KEYS */;
UNLOCK TABLES;
commit;

--
-- Table structure for table `lines`
--

DROP TABLE IF EXISTS `lines`;
/*!40101 SET @saved_cs_client     = @@character_set_client */;
/*!40101 SET character_set_client = utf8mb4 */;
CREATE TABLE `lines` (
  `id` int(11) NOT NULL AUTO_INCREMENT,
  `name` varchar(128) NOT NULL,
  `color` varchar(128) NOT NULL,
  PRIMARY KEY (`id`)
) ENGINE=InnoDB AUTO_INCREMENT=127 DEFAULT CHARSET=utf8mb4 COLLATE=utf8mb4_unicode_ci;
/*!40101 SET character_set_client = @saved_cs_client */;

--
-- Dumping data for table `lines`
--

LOCK TABLES `lines` WRITE;
/*!40000 ALTER TABLE `lines` DISABLE KEYS */;
set autocommit=0;
INSERT INTO `lines` VALUES
(2,'diamond line','#0000ff'),
(3,'Spageti Line','#f5f5dc'),
(4,'Spageti Line East','#f5f5dc'),
(6,'dak line','#0000ff'),
(7,'octoline','#ffa500'),
(8,'octoline express','#ffa500'),
(9,'octoline tround','#ffa500'),
(11,'South Line','#8B4513'),
(12,'Metro Line','#00ffff'),
(16,'Warden Line Tround','#800080'),
(17,'Warden Line KSI Tround','#800080'),
(18,'Magic Railway (oneway)','#808080'),
(19,'Tea Line','#00ff00'),
(20,'Duplex Line (viliger mover)','#00ff00'),
(21,'Admin Line S1N','#8b0000'),
(22,'Admin Line S1S','#8b0000'),
(23,'Admin Line S1S','#8b0000'),
(24,'Admin Line S1E','#8b0000'),
(25,'Admin Line 3825N','#8b0000'),
(26,'Admin Line 1912N','#8b0000'),
(27,'Admin Line 6000N','#8b0000'),
(28,'Admin Line S1E','#8b0000'),
(31,'14connector','#8b0000'),
(32,'13-14westline','#8b0000'),
(36,'Cthulhu Mine Tround','#008080'),
(37,'Cthulhu Getwood2 Tround','#008080'),
(40,'Cthulhu Line','#00ff00'),
(41,'13connector','#8b0000'),
(42,'Admin Line 8000N','#8b0000'),
(44,'Admin Line 2168N','#8b0000'),
(45,'Admin Line 6000E','#8b0000'),
(47,'Admin Rail 2124E','#8b0000'),
(48,'Cthulhu StarlightV1 Tround','#008080'),
(52,'Admin Rail -8000N','#8b0000'),
(53,'Admin Rail -4023E','#8b0000'),
(56,'Admin Rail 8000E','#8b0000'),
(57,'Fall Line','#ff0000'),
(60,'Bayou Line','#00ff00'),
(62,'Admin Line -10000E','#8b0000'),
(63,'Amzos Rail 1','#808000'),
(65,'Amzos Rail 2 SOUTH','#808000'),
(66,'Amzos Rail 2 NORTH','#808000'),
(67,'Bob Line','#00ffff'),
(68,'Admin Line -8000E','#8b0000'),
(69,'Admin Line SWLaneway','#8b0000'),
(70,'Admin Line SWRoad','#8b0000'),
(74,'Utopia Line','#ffff00'),
(76,'Enoki Highway','#ff00ff'),
(77,'Copper Line','#00ff00'),
(78,'Serenada Connector 1','#800000'),
(79,'Serenada Connector 2','#800000'),
(80,'Admin Line 4024E','#8b0000'),
(81,'Admin Line 4068N','#8b0000'),
(82,'Rive Farms Railway','#00ffff'),
(83,'OldNFG Railway','#ff00ff'),
(84,'Utopia Line','#ffff00'),
(85,'Puktown North Line','#ff0000'),
(86,'Admin Line 9connector','#8b0000'),
(87,'Admin Line MNTC Connector','#8b0000'),
(88,'Union Line','#add8e6'),
(89,'Novylen Ice Highway Underground Network','#ff4500'),
(99,'Cthulhu Express Ironside Tround','#008080'),
(100,'Cthulhu Express','#008080'),
(102,'Warden Line','#800080'),
(103,'Warden Line Chaotica Tround','#800080'),
(107,'Rootrail','#4682B4'),
(108,'Cherry Line','#FF1493'),
(109,'Admin Line 10000N','#8b0000'),
(110,'Admin Line 10000N Detour','#8b0000'),
(111,'Admin Line 8000E','#8b0000'),
(112,'Utopia Canyon Line','#ffff00');
/*!40000 ALTER TABLE `lines` ENABLE KEYS */;
UNLOCK TABLES;
commit;

--
-- Table structure for table `marker`
--

DROP TABLE IF EXISTS `marker`;
/*!40101 SET @saved_cs_client     = @@character_set_client */;
/*!40101 SET character_set_client = utf8mb4 */;
CREATE TABLE `marker` (
  `id` int(11) NOT NULL AUTO_INCREMENT,
  `name` varchar(128) NOT NULL,
  `icon` varchar(16) NOT NULL DEFAULT 'down',
  `admin` text DEFAULT '???',
  PRIMARY KEY (`id`)
) ENGINE=InnoDB AUTO_INCREMENT=37 DEFAULT CHARSET=utf8mb4 COLLATE=utf8mb4_general_ci;
/*!40101 SET character_set_client = @saved_cs_client */;

--
-- Dumping data for table `marker`
--

LOCK TABLES `marker` WRITE;
/*!40000 ALTER TABLE `marker` DISABLE KEYS */;
set autocommit=0;
INSERT INTO `marker` VALUES
(1,'Build','building','???'),
(2,'Farm','factory','???'),
(3,'Shop','cart','???'),
(4,'Other','flower','???'),
(5,'Station','mcminecart','???'),
(7,'WXT','wxt','???'),
(8,'dial','door','???');
/*!40000 ALTER TABLE `marker` ENABLE KEYS */;
UNLOCK TABLES;
commit;

--
-- Table structure for table `novy`
--

DROP TABLE IF EXISTS `novy`;
/*!40101 SET @saved_cs_client     = @@character_set_client */;
/*!40101 SET character_set_client = utf8mb4 */;
CREATE TABLE `novy` (
  `id` bigint(20) unsigned NOT NULL AUTO_INCREMENT,
  `name` varchar(128) NOT NULL,
  `dial` varchar(128) NOT NULL,
  `x` int(11) NOT NULL,
  `z` int(11) NOT NULL,
  `marker` int(11) NOT NULL,
  `info` varchar(512) NOT NULL,
  `admin` text DEFAULT NULL,
  UNIQUE KEY `id` (`id`),
  KEY `marker` (`marker`),
  CONSTRAINT `marker` FOREIGN KEY (`marker`) REFERENCES `marker` (`id`)
) ENGINE=InnoDB AUTO_INCREMENT=819 DEFAULT CHARSET=utf8mb4 COLLATE=utf8mb4_general_ci;
/*!40101 SET character_set_client = @saved_cs_client */;

--
-- Dumping data for table `novy`
--

LOCK TABLES `novy` WRITE;
/*!40000 ALTER TABLE `novy` DISABLE KEYS */;
set autocommit=0;
INSERT INTO `novy` VALUES
(1,'New Caprica','newcaprica',-2773,2273,1,'temp',NULL),
(2,'Dayvania','Dayvania',-5000,-1781,1,'tmp',NULL),
(3,'Dragopolis','Dragopolis',-3053,-1891,1,'tmp',NULL),
(4,'Sand City','sandcity',2097,-54,1,'tmp',NULL),
(5,'Snowville','snowville',334,-280,1,'tmp',NULL),
(6,'Novylenia','novylenia',5985,8398,1,'tmp',NULL),
(7,'Mountainside','mountainside',-18919,-16553,1,'Owned by Loustro. Population: 23',NULL),
(8,'Greentop','greentop',-4822,-16069,1,'tmp',NULL),
(9,'Asgard','asgard',-3796,-8716,1,'tmp',NULL),
(10,'Chilltown','Chilltown',7981,-4141,1,'tmp',NULL),
(11,'Flattown','flattown',950,25,1,'tmp',NULL),
(12,'Ginoiudici','ginoiudici',-3267,-2019,1,'tmp',NULL),
(13,'Hour Glass','hourglass',-1842,-888,1,'tmp',NULL),
(14,'Gubtown','kotbritons',-2939,-6073,1,'tmp',NULL),
(15,'Mikeopolis','Mikeopolis',-1723,-2129,1,'tmp',NULL),
(16,'Modtopia','modtopia',6643,-4277,1,'tmp',NULL),
(17,'Northbrook','northbrook',-3455,-4751,1,'tmp',NULL),
(18,'Olympus','olympus',93,-4326,1,'tmp',NULL),
(19,'Parkville','Parkville',-490,-3196,1,'tmp',NULL),
(20,'Pieville','pieville',-3844,-1826,1,'tmp',NULL),
(21,'Pvp City','pvpcity',-3794,-1632,1,'tmp',NULL),
(22,'Squareville','Squareville',1081,-5720,1,'Built by firmly_square. Created in 2011. A small public town made largely out of oak wood and glass.',NULL),
(24,'Twiwer','twie',-3713,-3669,1,'tmp',NULL),
(25,'New Moosington','woll',-381,-2162,1,'tmp',NULL),
(26,'0spawn','none',-41,-3100,1,'tmp',NULL),
(27,'1spawn','1spawn',46,-2,1,'tmp',NULL),
(28,'2spawn','2spawn',-2060,-25,1,'tmp',NULL),
(30,'4spawn','4spawn',46,-3826,1,'tmp',NULL),
(31,'5spawn','5spawn',-2124,-1913,1,'tmp',NULL),
(32,'6spawn','6spawn',-156,-2807,1,'tmp',NULL),
(33,'7spawn','7spawn',5995,5894,1,'tmp',NULL),
(34,'8spawn','8spawn',7728,3957,1,'tmp',NULL),
(35,'9spawn','9spawn',-7393,-789,1,'tmp',NULL),
(36,'10spawn','10spawn',-8021,7981,1,'tmp',NULL),
(37,'11spawn','11spawn',-9962,8009,1,'tmp',NULL),
(38,'12spawn','12spawn',9993,-12144,1,'tmp',NULL),
(39,'13spawn','13spawn',-4874,-15619,1,'N/A',NULL),
(40,'14spawn','14spawn spawn',-19150,-16908,1,'tmp',NULL),
(41,'Subterrania','Foxburrow',17,-6653,1,'tmp',NULL),
(42,'Cachet Arch','eclipse Molaira CachetArch',2827,-11533,1,'A roundabout pedestrians can navigate on using underpasses. It also contains railway station under it. Its located at the heart of Capital City of Molaira, Eclipse City.',NULL),
(43,'Cthulhuland','Cthulhuland CTH CTL petdaycare',-12938,5383,1,'City of Cthulhuland\r\nCTL is Shopping District \r\nOwned by HeroSuperDylan. Population: 102\r\n\r\n',NULL),
(44,'Nokia','nokia',-19340,-12207,1,'tmp',NULL),
(46,'Frogfort','frogfort',-14244,-14209,1,'tmp',NULL),
(47,'Fallenstar','fallenstar',-11765,5885,1,'tmp',NULL),
(48,'Empirerose','empirerose',-2242,-131,1,'tmp',NULL),
(49,'Highacre','highacre',-4521,-16661,1,'tmp',NULL),
(50,'Chaotica','chaotica chaosgate',-11096,-14785,1,'Owned by Gossinger. Population: 22',NULL),
(51,'Aria','Aria',-11287,-3082,1,'tmp',NULL),
(52,'Oceapolis','oceapolis',-17286,-17513,1,'tmp',NULL),
(53,'Ironside','ironside ironside5 Amzos',-4466,-4970,1,'tmp',NULL),
(54,'WarpHub','warphub',2440,-1027,1,'tmp',NULL),
(55,'Qute Land','Quteland',-10675,-15803,1,'tmp',NULL),
(56,'Atlantis','atlantis',680,-593,1,'tmp',NULL),
(57,'Puktown','puktown',-19943,-19089,1,'tmp',NULL),
(58,'Betatown','betatown',32,-6914,1,'Owned by Boovler. Population: 17',NULL),
(59,'Beta Avenue','betaavenue',-30,-7140,1,'tmp',NULL),
(60,'Race Track','racetrack',-16504,-13446,1,'tmp',NULL),
(61,'Hell','hell',-4061,790,1,'tmp',NULL),
(62,'Aquarium','aquarium',-6317,8177,1,'tmp',NULL),
(63,'Casino','casino',-18920,-17018,1,'tmp',NULL),
(64,'Monument(and getpowder)','monument getpowder',11918,-14658,1,'tmp',NULL),
(65,'End Garden','endgarden',-7176,-17861,1,'tmp',NULL),
(66,'Northside','station',10,-7410,1,'tmp',NULL),
(67,'Barrens Island','none',-6152,-9185,1,'tmp',NULL),
(68,'Neo Leagueheim','Neo Neo_Leagueheim',9790,18297,1,'tmp',NULL),
(69,'mntc','mntc',-7270,-822,1,'tmp',NULL),
(70,'Le Quarry','sparta LeQuarry',-2781,-11470,1,'tmp',NULL),
(71,'Le Cirque','lecirque',-2781,-11695,1,'tmp',NULL),
(73,'Lallyland','LallyLand bubble',-11538,5183,1,'Owned by RachaelT',NULL),
(74,'Old Ironside','mallarchive',179,-3422,1,'tmp',NULL),
(75,'Leagueheim','Leagueheim',3743,1308,1,'tmp',NULL),
(76,'Unicorn Island','unicorn',-8051,-16507,1,'tmp',NULL),
(77,'Paragon','paragon',1250,-2316,1,'tmp',NULL),
(78,'Christmas','Christmas',-14755,-18910,1,'Novylen 2022-2024 Christmas Area',NULL),
(79,'Hero Town','HT',-16195,-16284,1,'tmp',NULL),
(80,'Tea Town','teatown',-1144,-558,1,'tmp',NULL),
(81,'Westguard','westguard',4042,5772,1,'tmp',NULL),
(82,'Balcony','balcony',-247,395,1,'tmp',NULL),
(83,'Akriel','akriel',-6655,-18531,1,'tmp',NULL),
(84,'Skidrow','skidrow',-15692,-17075,1,'tmp',NULL),
(85,'Farbanti','farbanti',-11532,10697,1,'tmp',NULL),
(86,'Mystyvale','qm',-14203,-16713,1,'tmp',NULL),
(87,'Arin Castle','arynn',10009,-11944,1,'tmp',NULL),
(88,'Snakevill','snakevill',9506,18654,1,'tmp',NULL),
(89,'Milinours Islands','kish',-866,-4664,1,'tmp',NULL),
(90,'Pepes','pepe biomes',-18948,-16844,1,'Base owned by notsn1w_',NULL),
(91,'Coast Wood','none',-4811,-15925,1,'tmp',NULL),
(92,'Chaos','chaos',-11252,-15887,1,'tmp',NULL),
(93,'Citadel','citadel Citadel',-49,184,1,'tmp',NULL),
(94,'Clarion','clarion',-8361,-5986,1,'tmp',NULL),
(95,'w_island','w_island',-8268,-5150,1,'tmp',NULL),
(96,'NeoDragoria','neodragoria',-8130,-10702,1,'tmp',NULL),
(97,'World Assembly','wa',-5121,-5066,1,'tmp',NULL),
(98,'Aether Spawn','aether',-761,1915,1,'tmp',NULL),
(99,'Alexandria','alexandria',-1672,-9319,1,'tmp',NULL),
(100,'Amsterdam','amsterdam',3035,-688,1,'tmp',NULL),
(101,'Aurora Enclave','aurora',-10241,7955,1,'tmp',NULL),
(102,'Boliwood','bolitemp',-8629,8515,1,'tmp',NULL),
(103,'Bolitown','bolitown',6130,6100,1,'tmp',NULL),
(104,'Dirtopolis','dirtopolis',-8666,-1841,1,'tmp',NULL),
(105,'Starwars','dogstar',-2232,941,1,'tmp',NULL),
(106,'Draglvania','Draglvania',-8119,-10314,1,'tmp',NULL),
(107,'Edin','edin',-3919,-11101,1,'tmp',NULL),
(108,'Faraway Land','farawayland',-9286,3036,1,'tmp',NULL),
(109,'Hanging Gardens','hgarden',-2018,-8369,1,'tmp',NULL),
(110,'Lotus Arco','lotus-arco',-6722,-5289,1,'tmp',NULL),
(111,'Marienburg','marienburg',-1809,-4040,1,'tmp',NULL),
(112,'MTB','mtb',9287,334,1,'tmp',NULL),
(113,'Museum','museum',-1684,-6819,1,'tmp',NULL),
(114,'Sirach','Sirach',-6206,-5711,1,'tmp',NULL),
(115,'Sky Palace','SkyPalace',-2073,-1220,1,'tmp',NULL),
(116,'Spiral','spiral',-8088,7848,1,'tmp',NULL),
(117,'Stockville','stockville',-1403,-14329,1,'tmp',NULL),
(118,'Subcivitas','Subcivitas',1107,18393,1,'tmp',NULL),
(119,'Terraria','terraria',1155,-4503,1,'tmp',NULL),
(120,'The Legion of Fallen','thefallen',594,-2169,1,'tmp',NULL),
(121,'The Spire','thespire',-1610,-6365,1,'tmp',NULL),
(122,'Tiger Lily Fort','tigerlily',-7219,-10633,1,'tmp',NULL),
(123,'Winterset','winterset',-8300,-5828,1,'tmp',NULL),
(124,'WPH','WPH',-8521,7781,1,'tmp',NULL),
(125,'Deadville','deadville',-16673,-16953,1,'tmp',NULL),
(127,'St. Mary','a_st.mary',-6134,-4475,1,'tmp',NULL),
(128,'Liberity','a_liberity',-5905,-4956,1,'tmp',NULL),
(129,'Towering','towering',-3886,-17265,1,'tmp',NULL),
(132,'Mistral City','Mistral',6877,-3828,1,'City built by KydrosForester',NULL),
(133,'Seafall','seafall',-7589,-1905,1,'N/A',NULL),
(134,'Boogle Island','Tboogle',-13943,-14281,1,'N/A',NULL),
(135,'Get Mud','getmud',-13802,-14477,2,'N/A',NULL),
(136,'Mario Circuit','mariokart',-13340,-14173,1,'N/A',NULL),
(137,'Village','village',773,7499,1,'N/A',NULL),
(138,'AwEsUm Land','N/A',-373,94,7,'N/A',NULL),
(139,'Valkyria','valkyria',-256,46,1,'Created by Skain',NULL),
(140,'Bill Castle','N/A',-97,68,7,'N/A',NULL),
(141,'Jedimining','bookshop',181,146,1,'N/A',NULL),
(142,'Tank Ocean','tankocean fishtank',857,556,1,'N/A',NULL),
(143,'Brick Pyramid','brickpyramid',3061,1618,1,'N/A',NULL),
(144,'DragVillage','N/A',3359,1706,7,'N/A',NULL),
(145,'Rose Land 2','roseland2',3797,1754,1,'N/A',NULL),
(146,'Cliftan','N/A',4128,2131,7,'N/A',NULL),
(147,'Cloud City','decon skyville',5271,2433,1,'N/A',NULL),
(148,'Pawn Shop','pawnshop',5714,2494,3,'N/A',NULL),
(149,'Midland','MidlandF',3311,3061,1,'N/A',NULL),
(150,'Quartz(Sky) Temple','skytemple',-657,1444,1,'N/A',NULL),
(151,'Hanging','Peaco912',-341,1161,1,'N/A',NULL),
(152,'Rose Land','roseland',-2143,-3875,1,'N/A',NULL),
(153,'Pumpkin Land','kamotown',-2128,-4352,1,'N/A',NULL),
(154,'CapitanCuba4s Main Base','CapitanCuba4MainBase',10618,17367,1,'N/A',NULL),
(155,'Sulam','N/A',6554,19134,7,'Built by TacoDogSheep',NULL),
(156,'Tristar','tristar',5400,19425,1,'Built by TacoDogSheep',NULL),
(157,'Unknown Home','N/A',4606,18870,7,'Mysterious forgotten house',NULL),
(158,'GMall','gmall',4349,18753,1,'N/A',NULL),
(159,'Windville','Windville',4294,18798,1,'N/A',NULL),
(160,'Furnace Shop','furnaceshop',-6739,-14762,3,'A shop made by average furnace block enthusiast.',NULL),
(161,'Agasir','N/A',-8934,-14652,7,'N/A',NULL),
(162,'Amutsuri Beloved Island Station','N/A',-8293,-14652,5,'A train station',NULL),
(163,'Aragin Station','N/A',-7945,-14652,5,'A train Station',NULL),
(164,'Akratis Station','N/A',-7169,-14636,5,'A train station.',NULL),
(165,'Akratis','N/A',-7125,-14644,7,'N/A',NULL),
(166,'The Lord of the Furnace Station','N/A',-6682,-14755,5,'N/A',NULL),
(167,'The Furnace','N/A',-6823,-14746,1,'FURNACES!!!',NULL),
(168,'13th Spawn Station','N/A',-4849,-15585,5,'Terminus of Warden Line and 13connector Admin Rail as of 18/09/2024.',NULL),
(169,'Crafting Table Island','N/A',-5026,-15614,7,'CRAFTINGTABLESSS!!!!',NULL),
(170,'MMarket','mmarket',-3207,5065,1,'N/A',NULL),
(171,'Market','market',-16028,-15599,1,'N/A',NULL),
(172,'Market Station','N/A',-16075,-15584,5,'N/A',NULL),
(173,'Long Island Southern Line Interchange Station','N/A',-16494,-15878,5,'N/A',NULL),
(174,'Lewport Island','N/A',-16747,-15882,7,'N/A',NULL),
(175,'Long Island Station','N/A',-16768,-15871,5,'N/A',NULL),
(176,'Bonnembre Station','N/A',-17193,-16706,5,'And you all said my railway standarts were stupid. Look at this shit. Thats why standards exist.-tabdroid',NULL),
(177,'Lewport','lewport',-16764,-15865,1,'N/A',NULL),
(178,'GetWool Station','N/A',-16768,-15280,5,'N/A',NULL),
(179,'Get Wool','getwool',-16720,-15279,2,'N/A',NULL),
(181,'The Hakurei Shrine','HakureiShrine',-19016,-17285,1,'N/A',NULL),
(182,'Gandalfs Hood','gandalfshood',-18872,-17533,1,'N/A',NULL),
(183,'Mehdix Land','N/A',-18333,-18301,1,'N/A',NULL),
(184,'The Backrooms','backrooms',-17944,-19251,1,'N/A',NULL),
(185,'Orc Town','orctown',-17691,-19633,1,'A large selection of builds by RecoilRick and assorted friends, est Dec 2021.',NULL),
(186,'LuminaCove','luminacove',-6519,19326,1,'N/A',NULL),
(187,'Moon Base','moonbase',8755,3247,1,'Mods power trippin smhsmh',NULL),
(188,'Gators Ville','gatorsville',8726,3495,1,'N/A',NULL),
(189,'krvillage','krvillage',-6277,17110,1,'N/A',NULL),
(190,'Rainbow City','rainbowcity',-6187,16454,1,'N/A',NULL),
(191,'Calvin Guardian Farm','catlantis',-6982,16694,2,'N/A',NULL),
(192,'14 Mall','mall mall1 mall2 shop',-19275,-17062,3,'A public mall near 14 spawn.',NULL),
(193,'Marc Shop','marcshop',6915,10040,3,'Shop built by Princess MarcLeduc.',NULL),
(194,'Novyland','novyland',-15494,-15268,1,'N/A',NULL),
(195,'Cat Shop','catshop',-15428,15843,3,'N/A',NULL),
(196,'Get Bamboo','getbamboo',-18694,-14999,2,'N/A',NULL),
(197,'Get Bamboo 2','getbamboo2 getplank',-19241,-10731,2,'N/A',NULL),
(198,'Cliffville','Cliffeville',-161,-6728,1,'Built by bogglehead in 2010. Source: windela',NULL),
(199,'Valley Castle','N/A',-110,-6899,7,'N/A',NULL),
(200,'Tabbys Shenanigans','N/A',-11774,6095,1,'i did semeting',NULL),
(201,'Dropers','dropper d',-18456,-16782,1,'Fall dmg is off here\r\n\r\ne',NULL),
(202,'Raid Farm','raidfarm',10700,-16236,2,'N/A',NULL),
(203,'Unishop','unishop',-15893,-14511,3,'N/A',NULL),
(204,'What is it?','N/A',-146,-3861,1,'N/A',NULL),
(205,'Bravogasm Land','N/A',-248,-3782,1,'N/A',NULL),
(206,'Iron Fist','ironfist',-344,-4306,1,'N/A',NULL),
(207,'Old Place 2','gategold lobsgate',-294,-4456,1,'Region owner is Windela',NULL),
(208,'Supre-Akkind','N/A',-251,-4732,1,'OMGWTFHAX!!!',NULL),
(209,'Camelot','camelot',32,-5562,1,'N/A',NULL),
(210,'Spar City','spar',7840,7371,1,'N/A',NULL),
(211,'Midnight','a_midnight',-5834,-4519,1,'N/A',NULL),
(212,'Prizma','a_prizma',-5538,-4244,1,'N/A',NULL),
(213,'Stratopolis','a_strato',-7598,-5203,1,'N/A',NULL),
(214,'Sernship','sernship',7111,6752,1,'N/A',NULL),
(215,'Governor','a_governor',-5344,-4633,1,'N/A',NULL),
(216,'Kittykibble','kittykibble',-4491,-5153,1,'N/A',NULL),
(217,'Get Mob','getmob',-4515,-16310,2,'N/A',NULL),
(218,'Get Mossed','getmossed',9466,17929,2,'N/A',NULL),
(219,'Tyler Shop','tylershop',9458,18079,3,'N/A',NULL),
(220,'eShop','ehill',-19420,-19601,3,'N/A',NULL),
(221,'Andy Hawk','Andyhawk',312,-4737,1,'N/A',NULL),
(222,'Amethyst City','amethystcity',-18332,-19436,1,'N/A',NULL),
(223,'Get Slime','getslime',-4318,-18113,2,'N/A',NULL),
(224,'Le Drew','ledrew',8843,3076,1,'N/A',NULL),
(225,'Spider Yeet','spideryeet',10307,-12983,2,'N/A',NULL),
(226,'Ant Farm','antfarm',905,178,1,'N/A',NULL),
(227,'Mohica','mohica',-1034,-1418,1,'N/A',NULL),
(228,'Egypt','N/A',-1202,-1493,7,'Created by Der_Totenkopf',NULL),
(229,'Der_Castle Maybe','N/A',-1450,-1600,7,'N/A',NULL),
(230,'Spider Trap','spidertrap',193,-4113,1,'N/A',NULL),
(231,'Big Farm','bigfarm',1021,-4633,2,'N/A',NULL),
(232,'Le Port','LePort',-2910,-11497,1,'N/A',NULL),
(233,'Celestrium','celestrium',-9356,-491,1,'N/A',NULL),
(234,'Industry-F','industry-f',-1793,-14119,1,'what is your purpose?',NULL),
(235,'Pokemon','pokemon',-9186,833,1,'N/A',NULL),
(236,'Holiday','holiday',10207,-12316,1,'N/A',NULL),
(237,'Cavern','cavern',1379,562,1,'N/A',NULL),
(238,'Red Haven','RedHaven',-2088,8931,1,'N/A',NULL),
(239,'Sky Land','skyland',-1352,1538,1,'N/A',NULL),
(240,'Glipwood','glipwood',-16825,-16571,1,'N/A',NULL),
(241,'Gummy Home','gummyhome',-19342,-16000,1,'',NULL),
(242,'Green Shop','greenshop',-18909,-16787,3,'N/A',NULL),
(243,'Diamond Town','diamondtown',-18916,-16938,1,'Town owned by Dakt0. Population: 53',NULL),
(245,'Public Farm','farm',-17299,-16106,2,'Owned by ItsBalvan',NULL),
(246,'Get Cow','getcow',7131,9462,2,'N/A',NULL),
(247,'Get Wood','getwood',-7569,-1017,2,'N/A',NULL),
(248,'Get String','getstring',-4608,-19266,2,'N/A',NULL),
(249,'Get Sugar','getsugar',558,7414,2,'N/A',NULL),
(250,'Get Paper','getsuger getpaper',-10840,-16108,2,'N/A',NULL),
(251,'Get Iron','getiron',-17097,-2180,2,'N/A',NULL),
(253,'Get Moss','getmoss',-15598,-16832,2,'N/A',NULL),
(254,'Get Cactus','getcactus',-15577,-16830,2,'N/A',NULL),
(255,'Get Egg','getegg',-15547,-16830,2,'N/A',NULL),
(256,'Get Wheatz','getwheatz',-15542,-16835,2,'N/A',NULL),
(257,'Get Honey','gethoney',-15953,-14415,2,'N/A',NULL),
(258,'Get Sculk','getsculk',-19147,-10878,2,'N/A',NULL),
(259,'Get Sculk 2','getsculk2',-19287,-10708,2,'South Terminus of Warden Line',NULL),
(260,'Quarry','Quarry quarry getsand getclay',4030,4957,2,'N/A',NULL),
(261,'Get Drowned','getdrowned',-14351,-14690,2,'N/A',NULL),
(262,'Get Ink','getink',9835,6953,2,'N/A',NULL),
(263,'Get Ink 2','getink2',-18272,-19699,2,'N/A',NULL),
(264,'Get Kelp','getkelp',-19656,-15668,2,'N/A',NULL),
(266,'Get Bamboo 3','getbamboo3 getplank2',-17066,-14361,2,'N/A',NULL),
(267,'Get Bamboo 4','getbamboo4 getplank3',-10923,-16101,2,'N/A',NULL),
(268,'Get Bamboo 5','getbamboo5 getplank4',-11046,-15759,2,'N/A',NULL),
(269,'Get Chicken','getchicken',8976,3968,2,'N/A',NULL),
(270,'Super Smelter','supersmelter',-13745,-18318,4,'N/A',NULL),
(271,'Network For Gamers (NFG)','nfg',12037,-17440,3,'N/A',NULL),
(272,'Felix Shop','felixshop',-13075,-14086,3,'N/A',NULL),
(273,'Get Shulker','getshulker',-13489,-17734,3,'N/A',NULL),
(274,'Atom Shop','atomshop',-18682,1598,3,'N/A',NULL),
(275,'Fletmart','fletmart',11607,-11436,3,'N/A',NULL),
(276,'Retroville','retroville',-19918,-19279,1,'N/A',NULL),
(277,'Novysewer','novysewer',-12288,-17048,1,'N/A',NULL),
(278,'Project Venice','projectvenice',1803,-2329,1,'N/A',NULL),
(279,'Subpartown','subpartown',-17880,-16678,1,'N/A',NULL),
(280,'Terraii','terraii',-13027,-16287,1,'N/A',NULL),
(281,'Costco','costco',-17768,-16673,3,'N/A',NULL),
(282,'Sears','sears',-16707,-18094,3,'N/A',NULL),
(283,'Who Shop','whoshop',-13333,-15959,3,'N/A',NULL),
(284,'Shulk','shulk',-1717,-6461,3,'N/A',NULL),
(285,'Bulk','bulk',-1670,-6492,3,'N/A',NULL),
(286,'Bloxshop','bloxshop',-17804,-17574,3,'N/A',NULL),
(287,'Honey Cat','honeycat',-14132,-15440,3,'N/A',NULL),
(288,'Get Iron 3','getiron3',-4281,-18879,2,'N/A',NULL),
(289,'Lawless','lawless',-11975,-14060,1,'N/A',NULL),
(290,'Frogshop','frogshop',-14470,-14230,3,'N/A',NULL),
(291,'Stronghold','stronghold',-1985,341,1,'N/A',NULL),
(292,'Fallenstar End','fallenstarend',4718,16613,1,'N/A',NULL),
(293,'StIordsMall','StIordsMall',-4624,-15737,3,'N/A',NULL),
(294,'Valley Of Stone','ValleyOfStone',-13388,1918,1,'N/A',NULL),
(295,'Iord Spire','N/A',-4575,-15690,1,'N/A',NULL),
(296,'Crepy','crepy',-15895,-19893,2,'N/A',NULL),
(297,'Get Warden','getwarden',-12438,-16541,2,'N/A',NULL),
(298,'0826','0826',-15745,-19963,1,'N/A',NULL),
(299,'HQ','HQ',-15779,-15909,1,'N/A',NULL),
(300,'Get Pillager','getpill',-17741,-11510,2,'N/A',NULL),
(301,'Manch','N/A',-7840,16502,1,'N/A',NULL),
(302,'Get wood 2','getwood2',-19989,-11809,2,'Made by Dakto',NULL),
(303,'Dakshop','dakshop',-18855,-16782,3,'N/A',NULL),
(305,'Borderline','Borderline',-12036,-14421,1,'N/A',NULL),
(306,'Lichfield','Lichfield',-11833,-14810,1,'N/A',NULL),
(307,'Pink','pink',-18130,-13372,1,'N/A',NULL),
(308,'Lolgmansion','lolgmansion',-18537,-17067,1,'N/A',NULL),
(309,'FallenDanish Minigames','fdmg',-11579,-14262,1,'Created by FallenDanish',NULL),
(310,'Avendor','avendor',-11569,-14522,1,'N/A',NULL),
(311,'Qatar','qatar',-12237,-14358,1,'N/A',NULL),
(312,'حمزة','حمزة',-12237,-14340,1,'N/A',NULL),
(313,'10k10k','10k10k',10000,10000,1,'N/A',NULL),
(314,'19k19k','19k19k',-19000,-19000,1,'N/A',NULL),
(315,'Niche Arts','Nichearts',-19158,-19074,3,'Mapart and player skull shop by kostyik.',NULL),
(316,'LaNiche','LaNiche',-19296,-19070,3,'Shop by kostyik.',NULL),
(317,'10k10k Shop','10k10kshop',10081,10002,3,'N/A',NULL),
(318,'Kowloon City','Kowloon',-18358,-16102,1,'N/A',NULL),
(319,'Oakboat','OakBoat',-19659,-18026,1,'N/A',NULL),
(320,'Low Acre','lowacre',-19863,-17757,1,'N/A',NULL),
(321,'Rivercom','rivercom',-18293,-17369,1,'N/A',NULL),
(322,'Pagoda Town','pagoda',12016,-15451,1,'N/A',NULL),
(323,'Garden Of Eden','GardenOfEden',-17745,-16107,1,'N/A',NULL),
(324,'Amazonia','Amazonia',6360,18688,1,'N/A',NULL),
(325,'GoatLand','gvc',-18165,-19585,1,'N/A',NULL),
(326,'FLHouse','FLHouse',-19048,-17325,1,'N/A',NULL),
(327,'Robo House 2','RoboHouse2',-19403,-18242,1,'N/A',NULL),
(328,'Diamond Town Station','N/A',-18908,-16937,5,'',NULL),
(329,'Dak Intersection','Dakto_2 hotel',-18900,-16823,5,'',NULL),
(330,'South West Station','SOUTHWEST',-18872,-16744,5,'',NULL),
(331,'Gray-Star Station','3',-18800,-16664,5,'',NULL),
(332,'l7village Station','N/A',-18767,-16627,5,'',NULL),
(334,'South East Station','SOUTHEAST',-18778,-16732,5,'',NULL),
(336,'Dakto INC','DAKTOINC Dakto_2 hotel luxery_rooms Daktorage',-18906,-16824,1,'Owner of Dakto INC and Diamond Town Base',NULL),
(337,'Bonne Arbre','bonnearbre',-17242,-16662,1,'Town by Geeknado',NULL),
(338,'Get Deepslate','getdeepslate gds',-18916,-16855,2,'Diamond Town Public Mine',NULL),
(339,'Tround Station','N/A',-18638,-12084,5,'Interchange with Nokia Tround',NULL),
(340,'Skye Station','sky',-18225,-12198,5,'skye_53 Base',NULL),
(341,'Dylainia Station','N/A',-17394,-13745,5,'DylainiaMan Base',NULL),
(342,'Getbamboo3 Station','getbamboo3',-17068,-14361,5,'getbamboo3 farm',NULL),
(343,'Herotown Station','HT',-16227,-16253,5,'N/A',NULL),
(344,'Ksi Station','N/A',-16429,-17253,5,'Ksi Tround and Warden Line Interchange',NULL),
(346,'Herotown Jail Station','jail',-14791,-17576,5,'Herojail',NULL),
(347,'2Finity Station','N/A',-14161,-17318,5,'N/A',NULL),
(348,'Land Of Eaga Station','LandOfEaga',-14160,-17262,5,'N/A',NULL),
(349,'Get Warden Station','getwarden',-12448,-16527,5,'N/A',NULL),
(350,'Underbedrock Line Interchange Station','ubb',-10788,-15837,5,'Underbedrock Line and Warden Line Interchange',NULL),
(351,'Agasir River Station','N/A',-10781,-15084,5,'N/A',NULL),
(352,'Sakratis Station','N/A',-8923,-14652,5,'N/A',NULL),
(353,'Tround2 Station','N/A',-10781,-14920,5,'Chaotica Tround and Warden Line Interchange',NULL),
(354,'Chaotica Station','chaotica',-11029,-14913,5,'Chaotica Tround Terminus',NULL),
(356,'Retroville Station','retroville',-19810,-19362,5,'Terminus of Octalong Line as of 26/05/2024',NULL),
(357,'NFGshop Station','19k19k',-18995,-19026,5,'Old NFG Train Station',NULL),
(358,'14spawn Station','N/A',-18951,-16959,5,'',NULL),
(359,'Dropper Station','N/A',-18457,-16860,5,'Octalong Line and Fall Line Interchange, Fall Line terminus',NULL),
(360,'Subpartown Station','N/A',-17801,-16694,5,'N/A',NULL),
(361,'Tround1 Station','N/A',-17157,-16716,5,'Octalong Line Tround to /dial Christmas Interchange',NULL),
(362,'Lionquartz Station','N/A',-16822,-17513,5,'What is the purpose of this station lol - Dakto_',NULL),
(363,'Sears Station','N/A',-16831,-18012,5,'A nice train station for a nice shop',NULL),
(364,'Christmas Station','XmaxVillage',-14776,-18774,5,'Merry Christmas! Octalong Tround Terminus',NULL),
(365,'Octapoly Station','Octapoly',-16686,-14089,5,'The next station will be 15spawn.\r\nOctalong Line Terminus as of 26/05/2024',NULL),
(366,'Octapoly','Octapoly',-16479,-14122,1,'Owned by Max8abug',NULL),
(367,'Speakeasy Bar','speakeasy',-16427,-13806,3,'Kettleville Bar',NULL),
(368,'Kettleville','kettleville',-16468,-14006,1,'N/A',NULL),
(369,'LunaHQ','LunaHQ',-18406,-14257,1,'Mushroom Island',NULL),
(370,'Turtle Shop','turtleshop',-17677,-13498,3,'Shop by TurtleMc0 with help from Dakto_',NULL),
(371,'Spawn Cavern Station','N/A',-19084,-16960,5,'',NULL),
(372,'Diamond Town South','SOUTH',-18711,-16521,1,'Southern Point of Diamond Town',NULL),
(373,'CLE Cthulhuland','CLE',-12652,5602,1,'Charmander11992 Section of Cthulhuland',NULL),
(374,'Everycraft','everycraft',-16984,15681,1,'N/A',NULL),
(375,'Mistral City','Mistral_City',-16291,12160,1,'Owned by AmmonPhos',NULL),
(376,'Hunter Base','hunterbase',-16772,-13278,1,'N/A',NULL),
(377,'Get Witch','getwitch',2906,-17277,2,'',NULL),
(378,'Get Witch2','getwitch2',-7386,-15036,2,'Created by QuteVoiceHacker and MarcLeduc/ Terminus of Get Witch Tround as of 30/05/2024',NULL),
(379,'Englafeld','N/A',-15679,11612,1,'What an amazing town',NULL),
(380,'w72','w72',-19930,2453,1,'N/A',NULL),
(381,'Blank Town','blanktown',-7979,-18661,1,'Owned by TheLivingOakTree',NULL),
(382,'Motorroller Tower','Tomson',2003,1920,1,'Owned by motorroller',NULL),
(383,'Wayland Farms','N/A',-17544,-18642,1,'Owned by geeknado',NULL),
(384,'Point Nemo','pointnemo',5179,5060,1,'Owned by WHITEWOOL',NULL),
(385,'Point Nemo Lighthouse','lighthouse',5450,5053,1,'Created by WHITEWOOL and Dakto_\r\n\"What an amazing lighthouse this is, absolutely beautiful\" - Visitor #1',NULL),
(386,'Thug Ville','thugville',-3036,-8044,1,'Owned by orderliness',NULL),
(387,'Get Cherry','getcherry cw',-19527,-13952,2,'massive cherry wood farm',NULL),
(388,'Steelside','steelside',-56,-13341,1,'Founded by Fishcatgirl on 13/01/2024',NULL),
(389,'Server Philosophy Centre','philosophy',-18770,-11913,1,'Created by qarnayn',NULL),
(390,'Isla Sorna','Sorna',-13680,-14073,1,'Created by testr2014',NULL),
(391,'Ramil Station','krumovo',-13355,-17064,5,'Owned by qarnayn on Warden Line',NULL),
(392,'Loustro Base Station','N/A',-19192,-15728,5,'A train station with a lot of mapart',NULL),
(393,'BADville Station','NurseBAD',-19250,-15390,5,'The station with the massive dirt castle',NULL),
(394,'BADville Sauna Station','SwampyWheat',-19536,-15330,5,'SwampyWheat is the closest dial to the sauna, not the official one',NULL),
(395,'VISMITHIV Library Station','N/A',-19552,-13008,5,'N/A',NULL),
(396,'VISMITHIIV Base Station','VISMITHIV',-19418,-12508,5,'N/A',NULL),
(397,'Nokia Station Fall Line','N/A',-19419,-12153,5,'N/A',NULL),
(399,'Slatehold','Slatehold',-13172,-15060,1,'Founded by ScruffyNerfHrdr',NULL),
(400,'Runecraft Demonstration Area','runecraft',-1619,-6479,4,'N/A',NULL),
(401,'Drmind Land','drcastle',-2130,636,1,'By: DaffyPWNS. Enjoy your stay :)',NULL),
(402,'Cave Grove','CaveGrove',-17568,-11640,1,'N/A',NULL),
(404,'Frogpride','frogpride',-14618,-14018,3,'N/A',NULL),
(405,'Copper Frog Hunters','cfh',-4299,-17311,1,'N/A',NULL),
(406,'Dunwich','Dunwich dunwich',-13164,5494,1,'Residential District of Cthulhuland',NULL),
(408,'Gustavburg','Gustavburg',-12635,5172,1,'Cthulhuland Military District',NULL),
(409,'Cthulhuland CTR','CTR',-13481,5253,2,'Cthulhuland Farming District',NULL),
(410,'Solecclemont','Solecclemont',5586,-17348,1,'Diamlark Base',NULL),
(411,'Betatown 2','Betatown',-6691,4397,1,'Town by Lurx0720. Population: 7',NULL),
(412,'Creeper Town','creepertown creeperbrew',-9528,-15713,1,'Town by ClassyCreeper27',NULL),
(413,'Sunset Isles','SunsetIsles',-19421,-17282,1,'Another Town by ClassyCreeper27',NULL),
(414,'Alpha Town','alphatown',1230,-626,1,'Another Town by ClassyCreeper27\r\n',NULL),
(415,'Albion','Albion',-3426,-1099,1,'Go down the hill infront and you will see the most British base',NULL),
(416,'Creeper Shop','creepershop',-8663,-16038,3,'Shop operated by ClassyCreeper27',NULL),
(417,'Zablord42','Zablord42',-16022,-13862,1,'',NULL),
(418,'Fort Beta','fortbeta betafort',2136,-5470,1,'Founded by clymentyne',NULL),
(419,'Creeper Town Mall','creepermall',-9587,-15661,3,'Mall owned by ClassyCreeper27 and made with\r\nofficial PukTown Bricks',NULL),
(421,'Residence of Nots','Nots',-16889,-10946,1,'Owned by notsn1w_',NULL),
(422,'Stampy House','stampy',-18333,-10681,1,'A recreation of Stampys Lovely House by Beachdude8',NULL),
(423,'111 Base','111',-17788,-10415,1,'A creation by notsn1w_\r\n',NULL),
(425,'Dog Tower','dogtower',-18239,-11581,1,'Building created by Axi0m0f2009\r\nDial Provided by Dakto_',NULL),
(426,'Public Mine','mine',-18101,-11536,2,'I guess its a farm\r\nBuild created by Hunter512_\r\nDial Provided by rilelyscastle. Terminus of Cthulhu Mine Tround',NULL),
(427,'Sakura Grove','sakura-grove',-18020,-11513,1,'Build created by Doeboy6oo00',NULL),
(428,'Glass Town','Glasstown',19754,-12000,1,'Founded by jelliot454545',NULL),
(430,'North West Village','Northwestvillage',18057,-12067,1,'A random village in the North Western Part of the server',NULL),
(431,'Old Cat Shop','oldcatshop',18647,-14213,3,'Owned by scats_\r\nShop is no longer stocked',NULL),
(432,'Stable','Output Input',18638,-15167,1,'Owned by Scouter310',NULL),
(433,'Elemental Temples','Fire-Temp Earth-Temp Water-Temp Air-Temp',18625,-15303,1,'Temples created by Scouter310',NULL),
(434,'Blick Base','420',-17582,-14485,1,'Base created by BlickUp420',NULL),
(435,'Quad Shop','quadshop',-9722,-9358,3,'Shop created by QuadRadical',NULL),
(436,'Realm Store','realmstore',-423,10246,3,'Shop created by Doeboy6oo00',NULL),
(437,'Battlefield','battlefield',-494,10242,1,'Build by Doeboy6oo00',NULL),
(438,'Oante Shop','oshop',11963,-14675,3,'Shop created by Oante',NULL),
(439,'Blick Shop','Shop420',-19680,-16459,3,'Shop Created by BlickUp420',NULL),
(440,'MCBoogles','mcboogles',-14075,-14287,3,'Shop created by Tboogle',NULL),
(441,'1.5.2','1.5.2',-2578,-11452,1,'Yep, 1.5.2, thats the name.',NULL),
(442,'Kips House','kip kipb1 kipb2',-2448,-11382,1,'Base created by King_Mudkip',NULL),
(443,'Zenjo Gold Farm','zenjo',-17228,-19840,2,'Wow a gold farm in the overworld, this pin was not a mistake',NULL),
(444,'TomDaltz Platform','fornite hogwarts e 2 minecraft',-15180,-18875,1,'Big dirt platform',NULL),
(445,'Mithras Base','oldbase',-14513,-18613,1,'Base created by Mithras_Nerevar',NULL),
(446,'Deonar','Deonar',13357,-19935,1,'A trash city made out of random blocks created by Persephone_frog',NULL),
(447,'Pride Cottage','pride',-18375,-16993,3,'Shop created by cat_boy_13',NULL),
(448,'Mount Speed','MountSpeed',7942,-5878,1,'Base created by OhSpeed',NULL),
(449,'Speedy Peak','speedypeak',7856,-5881,1,'',NULL),
(450,'surviv.isl','N/A',9396,-7337,7,'WXT Dial',NULL),
(451,'Cherynobyl','cherynobyl',9409,-8780,1,'Palcat shenanigans... look up when you arrive',NULL),
(452,'titanic','N/A',9640,-7054,7,'WXT Dial - Base/Ship created by 11Brendan',NULL),
(453,'Dimond Cylinder','dimond',-18731,-16822,1,'Base created by dimondking2016',NULL),
(454,'Frog Auction','Auction',-14494,-14229,1,'Amazing for gambling, Build created by Persephone_frog.',NULL),
(455,'Alecs Castle','alecscastle',-19588,-19639,1,'Base created by Alec2662',NULL),
(456,'Blox Brew','bloxbrew',-7548,7840,3,'Shop created by MrBloxMan',NULL),
(457,'Cthulhuland Farming District Station','N/A',-13489,5269,5,'Train Station on Cthulhu Express',NULL),
(458,'Cthulhuland Station','ctl',-12777,5531,5,'Serves Cthulhu Express and Cthulhu Line',NULL),
(459,'Cthulhu Express Interchange Station','N/A',-18438,-12202,5,'Interchange with Warden Line and Cthulhu Express',NULL),
(460,'LunaHQ Station','N/A',-18361,-14261,5,'Station on Cthulhu Express\r\n',NULL),
(461,'Diamond Town South Station','N/A',-18728,-16459,5,'Station on Cthulhu Express',NULL),
(462,'MineHammer','cavebase warhammer tunafishsandwich',-19490,-11549,1,'Area owned by Eggopizza',NULL),
(463,'Cthulhuland Seasonal Events','seasonal Seasonal',-12939,5466,1,'Created by HeroSuperDylan. A \"shop\" that changes its items for sale every special event. ',NULL),
(464,'Getwood2 Station','N/A',-19979,-11808,5,'Serves Cthulhu Tround2 and Fall Line. Cthulhu Tround2 Terminus',NULL),
(465,'Windlush Station','N/A',-5331,-15519,5,'Station on Warden Line',NULL),
(466,'Windlush','Windlush',-5336,-15542,1,'Build created by Windela',NULL),
(467,'AR/WL Interchange Station 1','N/A',-10780,-14994,5,'Interchange with Warden Line and \r\n13-14westline Admin Rail',NULL),
(468,'AR/WL Interchange Station 2','N/A',-16816,-14994,5,'Interchange with Warden Line and \r\n13-14westline Admin Rail',NULL),
(469,'WL/CE/CETRD2 Interchange Station','N/A',-18439,-12201,5,'Interchange With Warden Line, Cthulhu Express and Cthulhu Tround2',NULL),
(470,'Starlight V1','starlight2',-18496,-12541,1,'Base created by lspiter',NULL),
(471,'3spawn','3spawn',-4042,402,1,'tmp',NULL),
(472,'Cthulhu Express Rest Stop','RailToCTH-RS',-18336,-12424,5,'Interchange for Cthulhu StarlightV1 Tround and Cthulhu Express',NULL),
(475,'IKEA','ikea',-19286,-11175,3,'Shop? Created by pumppie216',NULL),
(476,'Getoak','getoak ow',-19525,-13563,2,'Farm created by pigwin_',NULL),
(477,'Getmangrove','mw',-19525,-13691,2,'Farm created by pigwin_\r\n',NULL),
(479,'Get birch','getbirch bw',-19525,-14331,2,'Farm Created by pigwin_',NULL),
(480,'Stone Slab','stoneslab',-856,-257,1,'Town created by TyyeDyye',NULL),
(481,'Noob Feeder','noobfeeder',-1254,1290,1,'Dial provided by Doozie',NULL),
(482,'Jay Atlantis','jayatlantis',-16388,-19844,1,'Build owned by Cypress8 (JayToast)',NULL),
(483,'The Void','void',-1281,2259,1,'There is a bedrock layer so you dont die instantly but you can sacrifice to the The Void. Dial Provided by rilelyscastle',NULL),
(484,'Frosts','reflection',-19475,-16635,1,'Build created by DigiFr0st',NULL),
(485,'Cast Town','ct',4431,-1010,1,'Town owned by scats_',NULL),
(486,'End World','endworld',-18665,-14004,1,'Town owned by Mycatnamedluna',NULL),
(487,'Cave Town','cavetown',-18918,-16736,1,'Town owned by iiamgoddly',NULL),
(488,'Cubes','cubes',-9895,5325,1,'Build any type of cube and cubes only. Dial provided by Doozie',NULL),
(489,'Bawb Ville','bawbville',-2366,1759,1,'Town owned by HeyBawby',NULL),
(490,'Copper Village','coppervillage',-19610,-17255,1,'Town owned by Breakstuffz. Population: 29',NULL),
(491,'Danes Ville','Danesville',-2500,-2646,1,'Town owned by jonashou\r\n',NULL),
(492,'SaintM','saintm',-7818,7899,1,'N/A',NULL),
(493,'Grand Novylen Railstation & Mall','gnrm',10000,-12089,1,'Build owned by TacoDogSheep',NULL),
(494,'Mesa','mesa',-7488,-10019,2,'Farm for Red Sand and Terracotta, also a bit of desert here for sand.',NULL),
(495,'Cave Spider Farm','cavespider',-11757,-15698,2,'Cave Spider farm owned by Smokeymalamute. Also a mini shop here',NULL),
(496,'Northern Star Shopping Centre','nssc',-7297,-623,3,'Mall owned by Serenada and Sparkeen',NULL),
(497,'Get pussy','getpussy, getcat',6701,9710,2,'Farm owned by MarcLeduc',NULL),
(498,'Utopia','utopia',-14181,-16121,1,'Town owned by RavM_GOAL',NULL),
(499,'Bamboo Ville','tec',-9507,3437,1,'Town owned by kazooie911',NULL),
(500,'Bboi Base','bbase',-19447,-17912,1,'Base created by bboi456',NULL),
(501,'Hells Valley','Hellsvalley',-19880,-17173,1,'N/A',NULL),
(502,'Cliff Village','ClifftonM',339,-892,1,'N/A',NULL),
(503,'Dungeons of Destiny','destiny2',-13929,-12814,2,'Public Trial Chamber. The only one to reset at certain times. Dial provided by rbos',NULL),
(504,'Get Red Sand','getredsand',-11583,-11346,2,'Mesa Biome, get different terracotta and red sand here. Dial provided by Dakt0',NULL),
(505,'tomshop','tomshop',-12071,-16031,3,'Shop built by TomDaltz',NULL),
(506,'Hole In The Wall','HoleInTheWall',-18670,-16502,1,'Base created by PetePop5. 49th Residence of Diamond Town.',NULL),
(507,'Aidens Hole In The Hill','Ziesing_Racing',-18989,-17160,1,'Base created by Racing_Aiden.',NULL),
(508,'Bob Shop','bobshop',-14874,-12784,3,'Shop created by __bobthebuilder_. Can He Fix it!? Yes He can!!!',NULL),
(509,'Catt Ville','CattVille3',-8246,2310,1,'Town owned by catt12345678. Stargate provided by rilelyscastle.',NULL),
(510,'Lord Shop','LordShop',5906,-7205,3,'Shop created by DivergentCat (AKA lordoffire10). Stargate Provided by Doozie',NULL),
(511,'Lord Town','LT',6026,-6783,1,'Town owned by DivergentCat. Updated Stargate provided by rilelyscastle',NULL),
(512,'Quad Farm','quadfarm',-16285,-14899,2,'Farm created by Hunter512_',NULL),
(513,'Arcade Town','arcadetown',6375,-4971,1,'Town owned by LilliVaroux',NULL),
(514,'Jmall (Whose Mall)','Jmall',-13231,-15960,3,'Mall created by Whose__',NULL),
(515,'Novylen Estates','NovylenEstates',-9971,-8141,1,'Build owned by whipz',NULL),
(516,'Aly Shop','alyshop',-18702,-15726,3,'Shop built by AlyQT',NULL),
(517,'Classys Winery','Winery',-13845,16490,1,'Build created by ClassyCreeper27',NULL),
(518,'Bogshire','Bogshire',-3133,-11457,1,'Build created by MiWadi',NULL),
(519,'Mount Tibiro','mt_tibiro',-7584,-15049,1,'Build owned by FoxTrotter131. Stargate provided by iiamgoddly',NULL),
(520,'Aiden Far Base','aiden_far',-12146,-11444,1,'Build created by Racing_Aiden. Stargate funded by Gossinger',NULL),
(521,'Get Killed','getkilled',10209,-3340,1,'PvP Zone and town owned by TomDaltz',NULL),
(522,'The Mothership','Mothership',-4153,-12966,1,'Build owned by TheeWilson. Stargate provided by Doozie',NULL),
(523,'Wacon','wacon',-4593,-4807,1,'Ironside Gate #1',NULL),
(524,'Hotchkiss','hotchkiss',-4189,-5342,1,'Town of Hotchkiss, Amzos',NULL),
(525,'Get Dog Armor','getdogarmour getarmadillo getarmour getarmor',-19294,-10718,2,'Farm created by QuteV0iceHacker',NULL),
(527,'Moonlight XP Farm','moonlight',-13212,-11753,2,'Pillager XP Farm. Farm created by lspiter',NULL),
(528,'Serene Heights','serene',-4489,-5065,1,'Apartment Building in Ironside, Amzos',NULL),
(529,'The Empty','thempty',-11019,-14861,1,'Empty but Fun exploration place in Chaotica. Created by Gossinger',NULL),
(530,'Get Scutes','getscutes',7460,9855,2,'Armadillo Scute & Energy farm. Designed by MarcLeduc',NULL),
(531,'Cyrus City','ccity',9481,-14607,1,'Created by Cyrus',NULL),
(532,'Get Iron 4','getiron4',-13532,-17740,2,'Iron farm owned by pumppie216',NULL),
(533,'Long Island','longisland',-17009,-16254,1,'',NULL),
(534,'Golds Mansion','Mansion',-9741,-9152,1,'',NULL),
(535,'Mount Doozmore','MountDoozmore',-16382,-18724,1,'Cool Doozie Mountain built by FL00XY',NULL),
(537,'sumo','SUMO',6048,-8025,4,'Sumo PvP Zone',NULL),
(538,'Trial Shop','trialshop',-11869,-10815,3,'Shop selling all loot from trial chambers. Owned by Gossinger and Justinminers',NULL),
(539,'CRM','N/A',-7237,-9741,7,'Owned by Dobber99',NULL),
(540,'ToC','toc',-6974,-9663,1,'Owned by Exault. WXT Stargate fixed by arin3',NULL),
(541,'SkyBattle','N/A',-7182,-9409,7,'It might be old and the dial no longer works but the pvp still works here. Owned by Exault (tobi140)',NULL),
(542,'JavaTown','N/A',-7929,-9974,7,'Town owned DivergentCat, javaslayer, and xXOddishXx',NULL),
(543,'Project1','N/A',-7800,-9657,7,'Town owned by xXOddishXx. Population: 10',NULL),
(544,'Tradition Amusement Park','traditionpark',-19586,-17208,1,'Amusement park created by Breakstuffz. Located in Copper Village',NULL),
(545,'penguin','p',-15933,-15843,1,'pginis base',NULL),
(546,'station','N/A',-11600,8000,7,'Terminus of Admin Line 8000N',NULL),
(547,'Jynx Calculator','calculator',-5890,-16330,1,'Design by mattbatwings on Youtube. Built on Novylen by JynxGP. Special thanks to the following for helping with resources: dimondking2016, MarcLeduc, MiWadi and TapGG.\r\nWorking Calculator on Novylen',NULL),
(548,'Destiny Catacombs','destiny',-679,1020,1,'In the dark ages of Novylen this dungeon was regenerated randomly each week, with new spawners, loot and hidden passageways to search out. Commands were blocked, so you had to fight back to the surface to take your loot home.',NULL),
(549,'Cthulhuland Sumo','sumo',-12992,5412,4,'PvP Zone at Cthulhuland. Created by HeroSuperDylan',NULL),
(550,'Golden Hill','N/A',-14109,1745,1,'Created by Iord7918',NULL),
(551,'ioicapital','N/A',-14012,1745,1,'Created by Iord7918',NULL),
(552,'Farnorth Stargate Village','farnorth',-19999,0,1,'Unfinished Village by fly2k',NULL),
(553,'Sky Cabin','skycabin',-19858,0,1,'Small Cabin in the sky by jelliot454545',NULL),
(554,'Lazy Hills','lazyhill',-19641,-17392,1,'Created by BuizelBrain and Mewmeow_. Population: 3',NULL),
(555,'Night Court Public Trials','trials',-14607,-10869,2,'Trial Chamber for only looting and doesnt reset. Dial provided by Squydy',NULL),
(556,'Yutters Outpost','YutterOutpost',-14557,-10641,1,'Custom Outpost created by Yutters',NULL),
(557,'Sparks Site','spsite',-13855,-10555,1,'Created by SparksCardsharp (GambolingLover26)',NULL),
(558,'Ordawnia','Ordawnia',-14717,-11569,1,'Town owned by TodoNihilo. Population: 5',NULL),
(559,'Cubics Stack of Boxes','stackofboxes',-16641,-10828,1,'Created by CubicPulsar',NULL),
(560,'Serenada Ship','sernship',7114,6752,1,'Created by Serenada',NULL),
(561,'Skullcano','aerie',7654,18453,1,'Created by EntropyPI',NULL),
(562,'JustinVille','JustinVille',4535,19147,1,'Owned by Justinminers. Dial provided by Windela',NULL),
(563,'Kingdom of Lrif','lrif',3896,19567,1,'Created by lrif (wow who wouldve guessed)',NULL),
(564,'Lord-Home','N/A',3704,19409,7,'Created by lordoffire10',NULL),
(565,'Acadia','Acadia',-11217,-13394,1,'Owned by LeemTheLime',NULL),
(566,'Chronotide','N/A',-457,8067,7,'Owned by v6LRu',NULL),
(567,'Haph Hazard','haph',-9875,-10129,1,'Owned by Haphhazard and Silvae',NULL),
(568,'Dog Erald','df',-8472,-10352,2,'Created by butches and smoosh200',NULL),
(569,'javaslayer','javaslayer',-8163,-10080,1,'Owned by javaslayer (of course). Dial readded by Doozie. Originally /dial javaslayer2',NULL),
(570,'Lord Farm','Lord-Farm',-7902,-9891,2,'Owned by DivergentCat. Dial readded by rilelyscastle',NULL),
(571,'taco-log','N/A',-7917,-9735,7,'Build created by TacoDogSheep',NULL),
(572,'Tommy Plains','horselook',-7904,-9587,1,'Created by minerman_1',NULL),
(573,'ToInk','N/A',-7184,-9499,7,'Created by Exault',NULL),
(574,'Iron','N/A',-6903,-9017,7,'Farm created by lordoffire10',NULL),
(575,'OSshop','N/A',-6816,-8656,7,'Shop created by tobi140',NULL),
(576,'Retreat','N/A',-7651,-8952,7,'Created by Dinodino54',NULL),
(577,'firebro2','N/A',-7455,-9045,7,'Created by firebro566',NULL),
(578,'Castle Farm','castlefarm',-7457,-8826,2,'Created by rilelyscastle. Original dial rivefarms',NULL),
(579,'JPit','Pit',-7424,-8680,1,'Created by N/A. Dial readded by Doozie',NULL),
(580,'Starlight V2 + lsshop','starlight, lsshop',-10688,-13817,3,'Shop and base owned and maintained by lspiter',NULL),
(581,'drill','N/A',-9914,7744,7,'Created by terer',NULL),
(582,'Tea Ville','teaville',-9911,7966,1,'Town owned by Doozie. Population: 5',NULL),
(583,'Vault.exe','N/A',-10009,8068,7,'Created by Shpookin',NULL),
(584,'Arynn Emerald','static',-10144,7869,1,'Created by ArynnPhrii. Dial readded by ItsKode',NULL),
(585,'Cyrus Village','cvillage',-9944,8180,1,'Village owned by Cyrus. Dial readded by rilelyscastle. Population: 8',NULL),
(586,'Old Stargate Tutorial Area','stargate',-7390,-813,1,'Note: Minigate and Flatgate no longer work as of 22nd November 2024. Area created by Doozie',NULL),
(587,'abode-f','N/A',-7331,-697,7,'Created by jamieker',NULL),
(588,'Hotel','tropical',-7617,-888,1,'Created by brekidreki and greeeenchee. Dial readded by arin3',NULL),
(589,'FM','fm',-7722,-691,1,'Town owned by Cyrus. Population: 5',NULL),
(590,'The Tribute','thetribute',-6777,-1139,1,'Created by L_Guest',NULL),
(591,'Old Nether','oldnether',-4079,717,1,'Nether in Overworld',NULL),
(592,'Hello Nearth','hellonearth',-4098,773,1,'N/A',NULL),
(593,'Jelliot Summer Home','summerhome',-4161,836,1,'Created by jelliot454545',NULL),
(594,'Wonderworld','wonderworld',-5929,1484,1,'Originally known as Free Town. Town owned by Bowsk420. Population: 6',NULL),
(595,'Hotel CC','HotelCC',-5782,-19,1,'Created by Bubsaroni, PLOVAPODA and pilover.\r\nDial readded by Doozie',NULL),
(597,'Rockford','N/A',-502,941,7,'Owned by TacoDogSheep',NULL),
(598,'Silly Island','sillyisland',-80,1253,1,'Owned by Silly_fella1',NULL),
(599,'Waterside','waterside',-1403,-126,1,'Owned by Adiox and StandaxXx',NULL),
(600,'Kentucky Fried Chicken','kfc',-12200,-15562,3,'Created by Rukaa101',NULL),
(601,'Diamond Town Susan Suburb','DT-Susan',-18780,-16384,1,'Southern Suburb of Diamond Town. Town owned by Dakt0. The largest town in the 14spawn area',NULL),
(602,'Get Petal','getpetal',-10701,-13848,2,'Pink Dye / Pink Petal Farm created by lspiter',NULL),
(603,'Get Splash','getsplash',-10663,-13839,2,'Splash your potions or bottles in a fun and quicker way! Created by lspiter',NULL),
(604,'Pop Shop','POPSHOP',-18682,-16570,3,'Shop created by PetePop5',NULL),
(605,'Cragton','Cragton',-14988,-16885,1,'Town owned by Gingiesnap. Population: 30+',NULL),
(606,'Rosia','rosia',-19943,7529,1,'',NULL),
(607,'ShrimpinPimpin','shrimp',-13814,-10173,1,'Dial by ShrimpinPimpin',NULL),
(609,'Valley of Wheat','valleyofwheat',-7464,-2335,2,'Owned by Skain',NULL),
(610,'Dakto Mob Farm','Daktomob',-16949,-14972,2,'Farm created by Daktoo',NULL),
(611,'Thing Base','n',-14220,-13445,1,'',NULL),
(612,'Krosroads','krosroads',-858,59,1,'Owned by Krosroads. Stargate reactivated by rilelyscastle',NULL),
(613,'Skytopia','skytopia',-15100,-18874,1,'Owned by TomDaltz',NULL),
(614,'The Purge','purge',-12740,-11329,1,'Lawless area created by TomDaltz',NULL),
(615,'Seppe Base','Cactus',-11793,-15400,1,'Created by Seppe_gaming',NULL),
(616,'Rukaa Casino','rcasino',-12056,-15573,1,'Owned by Rukaa101',NULL),
(617,'Eviee Base','chinese',-11963,-16169,1,'Created by Eviee456. Dial added by TomDaltz',NULL),
(618,'Tier Town','TierII',-11860,-16334,1,'Owned by TierII',NULL),
(619,'Kazsius Base','kazsiushome',-11605,-16376,1,'Created by kazsius18',NULL),
(620,'Nether Shop','nethershop',-11736,-15811,3,'Shop created by NooWtf',NULL),
(621,'Aidenville','Village',-12297,-11837,1,'Owned by Racing_Aiden',NULL),
(622,'Ziesing Kindom Builders Hut','ZiesingKingdom',-12006,-11879,1,'Owned by Racing_Aiden',NULL),
(623,'Valley of Carrots','valleyofcarrots carrot',-14948,-11897,2,'Owned by TomDaltz\r\n',NULL),
(624,'Astro World','astroworld',10952,-11080,1,'Created by ASTR0WORLD',NULL),
(625,'Spider Outpost','spideroutpost',-12274,-11192,1,'A pillager outpost that has spider legs. Created by Aiden_Ziesing',NULL),
(626,'ClassyCreeper Base','cc27',-14908,-15752,1,'Created by ClassyCreeper27',NULL),
(627,'Enterprise Ship','Enterprise',-18624,-10338,1,'Created by jebzalis404',NULL),
(628,'tutututu andandandand','and',-10869,-11957,1,'\"guys whats that song that goes tu tu tu tu tu tu tu tu\" - theoristgoose. Created by theoristgoose',NULL),
(629,'Brimveil','brimveil',-11161,-11961,1,'Owned by BUDRUN90, Silvae, StaticSunset',NULL),
(630,'Bunnies','bunnies',-19973,-13821,1,'Created by hulbazizi',NULL),
(631,'Red PVP','redpvp',-19962,-14356,1,'Created by Eoarchean. Dial created by Doozie',NULL),
(632,'Get More Wood','GetMoreWood',-19893,-15376,2,'Created by HouseKat and Smokeymalamute with special assistance from Asher2Asher',NULL),
(633,'Far','far far2 far3 far4',-12082,-11371,1,'Created by Aiden_Ziesing',NULL),
(634,'Netherite Meeting Place','netheritemeetingplace',-19985,-10446,1,'Owned by NurseBAD',NULL),
(635,'Ellissean Home','dingdong',-16023,-16031,1,'Created by Elissean',NULL),
(636,'Saurville','saurville',11935,3133,1,'Created by Ankylosaur. Dial added by Doozie',NULL),
(637,'Bunny Castle','bunnycastle',10796,76,1,'Created by Hotrodbunny. Dial added by Doozie',NULL),
(638,'USSR Shop','ussrshop',-13933,-12185,3,'Created by theoristgoose',NULL),
(639,'Aqua Bunny','aquabunny',10836,-552,1,'Created by Hotrodbunny. Dial added by Doozie. This place looks very worldedited to me',NULL),
(640,'Else Snow','elsa',9781,-554,1,'Created by Yumkasaur',NULL),
(641,'Mango Base','mangomoon',11915,-3288,1,'Owned by MrHardcoreMango',NULL),
(642,'Paradise?','paradise',11584,1110,1,'Owned by PikselD',NULL),
(643,'RedJournal Base','redbase',11247,-2043,1,'Created by RedJournal',NULL),
(644,'West End Training Grounds','wetg',-17370,-15915,1,'Created by ItsBalvan',NULL),
(645,'Dani Base','dani',10940,1279,1,'Created by danielul',NULL),
(646,'Ankyville','N/A',10244,2825,7,'Created by Ankylosaur',NULL),
(647,'Rats Nest','N/A',9618,2638,7,'Created by ratties45',NULL),
(648,'Littleland','littleland',9578,2067,1,'Single chunk with a dial on it, owned by rilelyscastle',NULL),
(649,'Shulker','shulker',5718,16485,2,'Shulker farm owned by SWIFTTylerBear',NULL),
(650,'Malo Mart','MaloMart',-16900,11832,3,'Shop created by MaloMastersYT24',NULL),
(651,'Wilson Valley','wv',-9842,222,1,'Owned by TheeWilson. Dial added by ArynnPhrii',NULL),
(652,'Oakwow','colosum',-17944,-16115,1,'Created by TheLivingOakTree',NULL),
(653,'Novylen Theatre','theatre',-17294,-16000,1,'Created by ItsBalvan',NULL),
(654,'Ug Fort','UgFort',-17189,-15641,1,'Created by _KillWithSkill_',NULL),
(655,'Aka','anjeww',-16983,-15694,1,'Created by Anjeww',NULL),
(656,'Balvan Base Complex','bb',-16804,-15763,1,'Created by ItsBalvan',NULL),
(657,'Large Town','largetown',-15461,-13177,1,'Large town aint very large. Created by iandontask',NULL),
(658,'Gobekli Tepe','gobeklitepe',-14664,-13270,1,'Underground, owned by BornCeiling9316',NULL),
(659,'Frog City','frogcity',-14443,-13826,1,'Created by Persephone_frog',NULL),
(660,'Spud Club','spudclub',-13296,-11270,1,'Created by SpacialSpud',NULL),
(661,'Home','home',8292,4125,1,'Created by Doozie',NULL),
(662,'The Fort','TheFort',8132,3959,1,'Dial to a town owned by tedsterkid8, dial added by ItsKode',NULL),
(663,'lspiter quarry','lspiter10x10',-15170,-13306,4,'',NULL),
(665,'Alliance at Turtle Cove','ATC',-16394,-14491,1,'Owned by kevryn108',NULL),
(666,'Old Hunter Base','Hunter512_old',-15828,-14320,1,'Created by Hunter512_\r\n',NULL),
(667,'Frog City','frogcity',-14442,-13825,1,'Created by Persephone_frog',NULL),
(668,'Thing Base','n',-14219,-13444,1,'Created by Thing_101',NULL),
(669,'Ardis','Ardis',-8981,-12546,1,'Owned by rubikon',NULL),
(670,'Twin Towers','twintowers',-1693,-8937,1,'Owned by VigorossoAlloy, coolerthanyou7, maxm091 and weareGOLDEN. Dial provided by arin3 (ArynnPhrii)',NULL),
(671,'Razorclaw','razorclaw',-12400,-10773,1,'Created by Ellerian',NULL),
(672,'Arkathrasi (Sacred Land)','Arkathrasi',-11268,-15079,1,'Created by Agasir',NULL),
(673,'The Hole','thehole',-10396,-16995,1,'Created by k4jtek',NULL),
(674,'Kubis Home','kubishome',-9489,-17809,1,'Created by kubisgg',NULL),
(675,'Gamblez','gamblez',-8984,-18719,1,'Created by TheLivingOakTree\r\n',NULL),
(676,'Dinosaur?','dinosaur',-8194,-18200,1,'Created by Gossinger',NULL),
(677,'Teddy Shop','teddyshop',-9791,7784,3,'Created by TeddyMcCozy',NULL),
(678,'Cyrus Cow Farm','ccow',-9852,8469,1,'Created by Cyrus. Dial provided by rilelyscastle',NULL),
(679,'LakeFront','N/A',-9909,9777,7,'Created by Dinodino54',NULL),
(680,'b4','N/A',-10147,10367,7,'Created by dograffe',NULL),
(681,'Rubikon Mesa','krmesa',-10551,11351,1,'Owned by rubikon',NULL),
(682,'Pukka Race Track','pukrace',-8711,12831,1,'Created by purepukka',NULL),
(683,'Mushburg','mush',-6619,14320,1,'Owned by brknflamar',NULL),
(684,'frack','N/A',175,7337,7,'Created by Louie147\r\n',NULL),
(685,'Huis muur','housewall',-12275,-11408,1,'Created by Aiden_Ziesing',NULL),
(687,'Loki','loki',-14917,-10824,1,'Created by crazygirl501',NULL),
(688,'Aucht Republic','AuchtRepublic',-17316,-16362,1,'Owned by SageCookie43439',NULL),
(689,'Long Island Paradise Resort','resort',-16887,-16137,1,'Created by JendaPa (ItsBalvan)',NULL),
(690,'Normandy','srhangar',-15290,-16479,1,'Created by GrimPlayzs',NULL),
(691,'The Prince Panda Base','the_prince_pandabase',-13755,-16081,1,'Created by the_prince_panda',NULL),
(692,'FallenDanish Farm and Brew','fdfarm',-9452,-16012,1,'Created by FallenDanish',NULL),
(693,'Kode Base','KHouse',-5985,-16249,1,'Created by _Kode',NULL),
(694,'Swampton','Swampton',-4090,-16347,1,'Created by rubikon',NULL),
(695,'IW','IW',3051,-17295,1,'Created by ApolloJDW',NULL),
(696,'Apollo Slime Farm','IG',2840,-17191,1,'Created by ApolloJDW',NULL),
(697,'Apollo Drowned Farm','ID',3311,-17139,1,'Created by ApolloJDW',NULL),
(698,'Skywalker','skywalker',120,-100,1,'Created by Aondaht',NULL),
(699,'sebfroosh Base','sebfroosh',867,-970,1,'Created by sebfroosh. Dial provided by Doozie',NULL),
(700,'Tortexia','Tortexia',1278,-1802,1,'Owned by Weresdrim. Dial provided by Doozie',NULL),
(701,'Old Road','oldroad',1361,-1958,1,'Created by jacob. Dial provided by Doozie',NULL),
(702,'Dwarven Nation of Stoneholm','stoneholm',9510,-4842,1,'Owned by clymentyne',NULL),
(703,'Lion Mansion','LionMansion',7576,-7342,1,'Created by GiantLion11. Dial provided by rilelyscastle',NULL),
(704,'Silly City (Decroaf City)','sillycity',11820,13975,1,'Owned by Decroaf',NULL),
(705,'Nilk','nilk',1747,6094,1,'Created by Slasher93',NULL),
(706,'lax','N/A',1873,6180,7,'Owned by blakemake8',NULL),
(707,'lshops','N/A',1863,6208,7,'Bottom floor shop owned by Louie147',NULL),
(708,'fireshop2','N/A',1885,6208,7,'Owned by lordoffirefir',NULL),
(709,'Old Sirach','sirach',2900,-2521,1,'Created by Serenada. Dial provided by ItsKode',NULL),
(710,'Juxyland','juxyland',-14270,-16640,1,'Created by JuxyGamer',NULL),
(711,'Kcowleys Base','KcowleysBase',-14481,-16519,1,'Created by Kcowley03',NULL),
(712,'Honeystead','Honeystead',8997,17730,1,'Created by HoneyDewPeculier',NULL),
(713,'pigrace pigtrack','N/A',1042,10391,1,'Created by budd9570',NULL),
(714,'Stockings','Stockings',-16318,-13477,1,'Christmas thing, created by rilelyscastle',NULL),
(715,'Blacksmith','Blacksmith',-12024,-11715,1,'Created by Aiden_Ziesing',NULL),
(716,'Private SP Shop','privatespshop',6364,-3895,1,'Private shop owned by DrunkPig',NULL),
(717,'Akron','Akron',-15878,11399,1,'Created by 0_tr0v4o',NULL),
(718,'Wiillou Sky','wiillouSky',-12862,-17344,1,'Created by Wiillou',NULL),
(719,'Farpoint','farpoint',10901,-3798,1,'Created by mraygamer, dial provided by Doozie',NULL),
(720,'Copper Shard','coppershard',-17994,-13069,1,'Created by Breakstuffz',NULL),
(721,'Seaside Village','seaside',-10911,-14307,1,'Owned by Gossinger',NULL),
(722,'1.20 New Chunks','new_2',-18000,-12031,4,'Dial provided by Doozie',NULL),
(723,'1.21 New Chunks','new120',-13671,-11911,4,'Dial provided by Doozie',NULL),
(724,'1.21.4 New Chunks','new',-15654,-7505,4,'Dial provided by Doozie',NULL),
(725,'Pale Garden Forest','paleforest',-14541,-9367,4,'The only Pale Garden in the 1.21.4 new chunks. Dial provided by Yumkasaur',NULL),
(726,'Sable City','sable-city',-9920,-4531,1,'',NULL),
(727,'Crasle Castle','Crasle',-11891,-11954,1,'Created by Aiden_Ziesing',NULL),
(728,'Ziesing Port','Port',-11914,-12062,1,'Created by Aiden_Ziesing',NULL),
(729,'Aiden Shop','aidenshop',-12083,-11412,3,'Created by Racing_Aiden',NULL),
(730,'Haffweigh','haffweigh',-12999,-11921,1,'Created by Aiden_Ziesing and todonihilo',NULL),
(731,'Lrif Shop','lrifshop',3418,19830,3,'Created by lrif',NULL),
(732,'LionFarm','N/A',-9265,-9437,7,'Farm created by GiantLion11',NULL),
(733,'Welsh Town','Welshtown',-9183,-9020,1,'Owned by yungstefcio',NULL),
(734,'Get Concrete','getconcrete',-9667,-9014,2,'Created by QuadRadical ',NULL),
(735,'Goose Island','gooseisland',-7904,-7674,1,'Owned by theoristgoose',NULL),
(736,'Dead Rbos Head','rbosded',-3699,-16777,1,'Created by rilelyscastle. Dial provided by Yumkasaur',NULL),
(737,'Mineshaft','mineshaft',50,5016,4,'Dial provided by Girjiks',NULL),
(738,'The Pyramid','pyramid',-1910,13151,1,'Created by Yumkasaur',NULL),
(739,'Kappadokia','kappadokia',-17904,-2664,1,'Created by Yumkasaur',NULL),
(740,'Tyre','tyre',-11654,-5147,1,'Owned by Yumkasaur',NULL),
(741,'Mini Village','minivillage',-2342,12132,1,'Owned by Yumkasaur',NULL),
(742,'89 Tower','89-tower',8511,5983,1,'Created by 8959za94',NULL),
(745,'NeburTeVe Base','nebur',-13993,-10376,1,'Created by NeburTeVe',NULL),
(749,'warzone','warzone',-12882,1779,1,'PvP Arena built by Nick2011',NULL),
(750,'sexytown','sexytown',968,-2834,1,'Small town built by Yumkasaur',NULL),
(751,'wyattkm','wyattkm',858,-5386,1,'',NULL),
(752,'Dumbwaiter','Dumbwaiter',-298,-5458,1,'',NULL),
(753,'llama','llama',-440,-4885,1,'',NULL),
(754,'cupquake','cupquake',-2290,-4188,1,'',NULL),
(755,'vac','vac',-2957,-3898,1,'',NULL),
(756,'The Mangrove Fortress','fort',-3192,-3766,1,'',NULL),
(758,'Cherry mantion','cm cc',-19507,-13816,1,'a woodland mantion but different',NULL),
(759,'Arco','arco',-8623,-7358,1,'Created by HollowNinja',NULL),
(760,'Sky City','skycity',-9271,-8220,1,'Owned by HotGoldenTNT',NULL),
(761,'Get Jungle','getjungle jw',-19526,-14080,2,'Massive jungle wood farm',NULL),
(762,'get coco','cocoa coco',-19546,-14080,2,'Cocoa farm',NULL),
(763,'Old Bescart','oldbescart',-8466,-286,1,'Owned by Dograffe',NULL),
(764,'Bescart','bescart',-1743,-6477,1,'Owned by Dograffe',NULL),
(765,'Novylen Zoo','zoo',-592,-152,1,'Created by sirflet',NULL),
(767,'Orc Town','orctown',-17691,-19633,1,'A large selection of builds by RecoilRick and assorted friends, est Dec 2021.',NULL),
(769,'Rootrail Main Station','rootrail',-5765,-15886,5,'Created by RooT_A_TooT',NULL),
(770,'Get Dark Oak','getdarkoak dw',-19526,-14208,2,'Created by pigwin_\r\n',NULL),
(771,'MineHammer','cavebase warhammer TFS',-19490,-11552,8,'Area created by Eggopizza',NULL),
(772,'Dezzi Raceway','dezzi',-12110,-11104,1,'Created by Aiden_Ziesing',NULL),
(774,'Cthulhu City','CTC',-12929,5684,1,'City section of CthulhuLand',NULL),
(775,'Novylen 15th Birthday Celebration','novy15',-748,1670,4,'Created by Modu',NULL),
(776,'Dark','dark',-16726,-11508,1,'Created by ThatsVerySad',NULL),
(777,'Cathedral','cathedral',-11745,-16703,1,'Created by Hunter512_',NULL),
(781,'Drop','drop',-15654,-7502,4,'Time to drop to your death. Dial created by Aiden_64',NULL),
(782,'Maple Shop','mapleshop',-17787,-10117,3,'Shop created by BicolourMaple48',NULL),
(783,'bassy','N/A',-15351,-1117,7,'Created by Bassy02',NULL),
(784,'bashouse','N/A',-15684,-1327,7,'Created by Bassy02',NULL),
(785,'bdth2','bdth2',-15687,-1347,1,'Dial readded by Doozie',NULL),
(786,'tommywater','N/A',406,-5370,7,'Created by minerman_1',NULL),
(787,'apcastle','N/A',423,-5472,7,'Created by Dinodino54',NULL),
(788,'Lynchburg','lynchberg',525,-5799,1,'Owned by lo4952. Dial readded by rilelyscastle',NULL),
(789,'Mangapoop','mangapoop',710,-6055,1,'Created by mangapoop. Dial readded by Doozie',NULL),
(790,'Conbeck29','conbeck29',744,-6106,1,'Created by conbeck29. Dial readded by rilelyscastle.',NULL),
(791,'Traceadam','traceadam',1221,-6368,1,'Probably created by traceadam. Dial readded by arin3',NULL),
(792,'Will3','will3',1493,-6406,1,'Possibly created by williamtoo3. Dial readded by ArynnPhrii',NULL),
(793,'WealthHouse','N/A',1615,-6295,7,'Created by minerman_3',NULL),
(794,'97','97',1229,-6035,1,'Created by mangapoop. Dial readded by Doozie',NULL),
(795,'Adventure','adventure',1729,-5771,1,'Created by Doozie',NULL),
(796,'ClanBase','N/A',2742,-9385,4,'Very interesting reading the signs in this building, seems scripted but Im not too sure. Area owned by Yumkasaur and xXram2dieXx',NULL),
(797,'Ice-f','ice-f',-46,-17874,1,'Created by Doozie',NULL),
(798,'Exault','Exault',-7031,-19597,1,'Created by Exault',NULL),
(799,'Minas Tirith','minas_tirith',-7858,-19499,1,'Created by energyc0re',NULL),
(800,'Redstone Properties','notRockerBase',-8122,-19430,1,'Created by notRocker',NULL),
(801,'far_village','N/A',-8050,-19583,7,'Created by GreyLzrd',NULL),
(805,'Acer','acer',-1744,-2030,1,'Dial readded by Doozie',NULL),
(806,'King Bush','kingbush',-1501,-1949,1,'Created by Bush_Rat. Dial readded by Doozie',NULL),
(807,'Blayco','N/A',7894,-10969,7,'Created by Blayco',NULL),
(808,'Craig Town','Craigtown1337',8777,-12015,1,'Owned by Adraxas13',NULL),
(809,'Ophr','Ophr',9728,-12091,1,'Dial readded by Doozie',NULL),
(810,'Cyrus Villa','cvilla',9743,-12244,1,'Created by Cyrus',NULL),
(811,'Twelth Spawn Port','spawnport',9983,-12184,1,'Dial owned by ItsKode',NULL),
(816,'Lallybroch','Lallybroch',-11989,5197,1,'Owned by RachaelT',NULL);
/*!40000 ALTER TABLE `novy` ENABLE KEYS */;
UNLOCK TABLES;
commit;

--
-- Table structure for table `usage_log_qvh`
--

DROP TABLE IF EXISTS `usage_log_qvh`;
/*!40101 SET @saved_cs_client     = @@character_set_client */;
/*!40101 SET character_set_client = utf8mb4 */;
CREATE TABLE `usage_log_qvh` (
  `id` bigint(20) unsigned NOT NULL AUTO_INCREMENT,
  `timestamp` datetime NOT NULL DEFAULT current_timestamp(),
  `ip_address` varchar(45) DEFAULT NULL,
  `user_agent` text DEFAULT NULL,
  `query_params` text DEFAULT NULL,
  `server_var` text DEFAULT NULL,
  `loc` text DEFAULT NULL,
  PRIMARY KEY (`id`)
) ENGINE=InnoDB AUTO_INCREMENT=2462 DEFAULT CHARSET=utf8mb4 COLLATE=utf8mb4_general_ci;
/*!40101 SET character_set_client = @saved_cs_client */;

--
-- Dumping data for table `usage_log_qvh`
--

LOCK TABLES `usage_log_qvh` WRITE;
/*!40000 ALTER TABLE `usage_log_qvh` DISABLE KEYS */;
set autocommit=0;
INSERT INTO `usage_log_qvh` VALUES
(2390,'2025-08-03 13:28:53','172.16.0.210','Mozilla/5.0 (X11; Linux x86_64; rv:140.0) Gecko/20100101 Firefox/140.0','[]',NULL,NULL),
(2391,'2025-08-03 14:53:16','213.55.242.176','Mozilla/5.0 (iPhone; CPU iPhone OS 18_5_0 like Mac OS X) AppleWebKit/605.1.15 (KHTML, like Gecko) GSA/379.0.786762118 Mobile/15E148 Safari/604.1','[]',NULL,NULL),
(2392,'2025-08-03 15:10:02','82.0.225.13','Mozilla/5.0 (X11; Linux x86_64; rv:141.0) Gecko/20100101 Firefox/141.0','[]',NULL,NULL),
(2393,'2025-08-03 15:10:06','82.0.225.13','Mozilla/5.0 (X11; Linux x86_64; rv:141.0) Gecko/20100101 Firefox/141.0','[]',NULL,NULL),
(2394,'2025-08-03 15:10:10','82.0.225.13','Mozilla/5.0 (X11; Linux x86_64; rv:141.0) Gecko/20100101 Firefox/141.0','[]',NULL,NULL),
(2395,'2025-08-03 15:12:25','82.0.225.13','Mozilla/5.0 (Linux; Android 10; K) AppleWebKit/537.36 (KHTML, like Gecko) Chrome/138.0.0.0 Mobile Safari/537.36','[]',NULL,NULL),
(2396,'2025-08-03 15:12:47','82.0.225.13','Mozilla/5.0 (Linux; Android 10; K) AppleWebKit/537.36 (KHTML, like Gecko) Chrome/138.0.0.0 Mobile Safari/537.36','[]',NULL,NULL),
(2397,'2025-08-03 15:13:13','82.0.225.13','Mozilla/5.0 (Linux; Android 10; K) AppleWebKit/537.36 (KHTML, like Gecko) SamsungBrowser/28.0 Chrome/130.0.0.0 Mobile Safari/537.36','[]',NULL,NULL),
(2398,'2025-08-03 15:29:51','82.0.225.13','Mozilla/5.0 (iPhone; CPU iPhone OS 16_5_1 like Mac OS X) AppleWebKit/605.1.15 (KHTML, like Gecko) EdgiOS/137.0.3296.82 Version/16.0 Mobile/15E148 Safari/604.1','[]',NULL,NULL),
(2399,'2025-08-03 16:07:01','31.10.136.82','Mozilla/5.0 (iPhone; CPU iPhone OS 18_5 like Mac OS X) AppleWebKit/605.1.15 (KHTML, like Gecko) Version/18.5 Mobile/15E148 Safari/604.1','[]',NULL,NULL),
(2400,'2025-08-03 16:25:32','82.0.225.13','Mozilla/5.0 (X11; Linux x86_64; rv:141.0) Gecko/20100101 Firefox/141.0','[]',NULL,NULL),
(2401,'2025-08-03 16:36:57','82.0.225.13','Mozilla/5.0 (X11; Linux x86_64; rv:141.0) Gecko/20100101 Firefox/141.0','[]',NULL,NULL),
(2402,'2025-08-03 17:09:57','82.0.225.13','Mozilla/5.0 (X11; Linux x86_64; rv:138.0) Gecko/20100101 Firefox/138.0','[]',NULL,NULL),
(2403,'2025-08-03 17:29:25','82.0.225.13','Mozilla/5.0 (X11; Linux x86_64; rv:128.0) Gecko/20100101 Firefox/128.0','[]',NULL,NULL),
(2404,'2025-08-03 17:29:33','82.0.225.13','Mozilla/5.0 (X11; Linux x86_64; rv:128.0) Gecko/20100101 Firefox/128.0','[]',NULL,NULL),
(2405,'2025-08-03 17:29:39','82.0.225.13','Mozilla/5.0 (X11; Linux x86_64; rv:128.0) Gecko/20100101 Firefox/128.0','[]',NULL,NULL),
(2406,'2025-08-03 17:33:38','82.0.225.13','Mozilla/5.0 (X11; Linux x86_64; rv:128.0) Gecko/20100101 Firefox/128.0','[]',NULL,NULL),
(2407,'2025-08-03 17:45:32','92.220.97.151','Mozilla/5.0 (X11; Linux x86_64; rv:141.0) Gecko/20100101 Firefox/141.0','[]',NULL,NULL),
(2408,'2025-08-03 17:59:05','172.16.0.210','Mozilla/5.0 (X11; Linux x86_64) AppleWebKit/537.36 (KHTML, like Gecko) Chrome/138.0.0.0 Safari/537.36','[]',NULL,NULL),
(2409,'2025-08-03 19:20:59','213.55.237.80','Mozilla/5.0 (iPhone; CPU iPhone OS 18_5 like Mac OS X) AppleWebKit/605.1.15 (KHTML, like Gecko) Version/18.5 Mobile/15E148 Safari/604.1','[]',NULL,NULL),
(2410,'2025-08-03 20:03:32','172.16.0.210','Mozilla/5.0 (X11; Linux x86_64; rv:140.0) Gecko/20100101 Firefox/140.0','[]',NULL,NULL),
(2411,'2025-08-03 21:46:35','172.16.0.210','Mozilla/5.0 (Web0S; Linux/SmartTV) AppleWebKit/537.36 (KHTML, like Gecko) Chr0me/53.0.2785.34 Safari/537.36 LG Browser/8.00.00(LGE; 32LM627BPSB; 05.40.45; 1; DTV_W19R); webOS.TV-2019; LG NetCast.TV-2013 Compatible (LGE, 32LM627BPSB, wireless)','[]',NULL,NULL),
(2412,'2025-08-03 21:47:03','172.16.0.210','Mozilla/5.0 (Web0S; Linux/SmartTV) AppleWebKit/537.36 (KHTML, like Gecko) Chr0me/53.0.2785.34 Safari/537.36 LG Browser/8.00.00(LGE; 32LM627BPSB; 05.40.45; 1; DTV_W19R); webOS.TV-2019; LG NetCast.TV-2013 Compatible (LGE, 32LM627BPSB, wireless)','[]',NULL,NULL),
(2413,'2025-08-03 21:48:57','172.16.0.210','Mozilla/5.0 (X11; CrOS x86_64 14541.0.0) AppleWebKit/537.36 (KHTML, like Gecko) Chrome/138.0.0.0 Safari/537.36','[]',NULL,NULL),
(2414,'2025-08-03 21:49:25','172.16.0.210','Mozilla/5.0 (X11; OpenBSD i386) AppleWebKit/537.36 (KHTML, like Gecko) Chrome/43.0.2357.125 Safari/537.36','[]',NULL,NULL),
(2415,'2025-08-03 21:50:36','172.16.0.210','Opera/9.80 (J2ME/MIDP; Opera Mini/9.80 (S60; SymbOS; Opera Mobi/23.334; U; id) Presto/2.5.25 Version/10.54','[]',NULL,NULL),
(2416,'2025-08-03 21:51:09','172.16.0.210','Mozilla/5.0 (Macintosh; Intel Mac OS X 10_15_7) AppleWebKit/605.1.15 (KHTML, like Gecko)','[]',NULL,NULL),
(2417,'2025-08-03 21:51:36','172.16.0.210','Mozilla/5.0 (Windows NT 6.2) AppleWebKit/602.1 (KHTML, like Gecko) Otter/1.0.02','[]',NULL,NULL),
(2418,'2025-08-03 21:53:17','172.16.0.210','Mozilla/5.0 (Windows NT 10.0; WOW64; rv:65.0) Gecko/20100101 Firefox/65.0 IceDragon/65.0.2','[]',NULL,NULL),
(2419,'2025-08-03 21:53:48','172.16.0.210','Mozilla/5.0 (Linux; Android 5.1.1; SM-N750K Build/LMY47X; ko-kr) AppleWebKit/537.36 (KHTML, like Gecko) Chrome/42.0.2311.135 Mobile Safari/537.36 Puffin/6.0.8.15804AP','[]',NULL,NULL),
(2420,'2025-08-03 21:55:34','172.16.0.210','Mozilla/5.0 (compatible; Konqueror/4.3; Linux 2.6.31-16-generic; X11) KHTML/4.3.2 (like Gecko)','[]',NULL,NULL),
(2421,'2025-08-03 21:56:06','172.16.0.210','Links (2.7; Linux 3.5.0-17-generic x86_64; GNU C 4.7.1; text)','[]',NULL,NULL),
(2422,'2025-08-03 21:57:14','172.16.0.210','Mozilla/4.0 (compatible; MSIE 6.0; Linux 2.6.26-1-amd64) Lobo/0.98.3','[]',NULL,NULL),
(2423,'2025-08-03 21:57:26','172.16.0.210','Mozilla/4.0 (compatible; MSIE 6.0; Linux 2.6.26-1-amd64) Lobo/0.98.3','[]',NULL,NULL),
(2424,'2025-08-03 21:57:48','172.16.0.210','Mozilla/5.0 (Windows NT 10.0; WOW64; Trident/7.0; rv:11.0) like Gecko','[]',NULL,NULL),
(2425,'2025-08-03 21:58:26','172.16.0.210','Mozilla/5.0 (X11; FreeBSD amd64; rv:109.0) Gecko/20100101 Firefox/114.0','[]',NULL,NULL),
(2426,'2025-08-03 21:58:43','172.16.0.210','Mozilla/5.0 (X11; NetBSD i686; rv:82.1) Gecko/20100101 Firefox/82.1','[]',NULL,NULL),
(2427,'2025-08-03 21:59:32','172.16.0.210','NetSurf/2.0 (Linux; i686)','[]',NULL,NULL),
(2428,'2025-08-03 22:00:40','172.16.0.210','Mozilla/5.0 (Linux; U; Tizen 2.0; en-us) AppleWebKit/537.1 (KHTML, like Gecko) Mobile TizenBrowser/2.0','[]',NULL,NULL),
(2429,'2025-08-03 22:01:31','172.16.0.210','Mozilla/5.0 (compatible; MSIE 11.0; Windows NT 6.3; Trident/7.0; Xbox; Xbox One)','[]',NULL,NULL),
(2430,'2025-08-03 22:01:37','172.16.0.210','Mozilla/5.0 (compatible; MSIE 11.0; Windows NT 6.3; Trident/7.0; Xbox; Xbox One)','[]',NULL,NULL),
(2431,'2025-08-03 22:02:06','172.16.0.210','Mozilla/5.0 (X11; Linux x86_64; rv:140.0) Gecko/20100101 Firefox/140.0','[]',NULL,NULL),
(2432,'2025-08-03 22:18:24','172.16.0.210','Mozilla/5.0 (X11; Linux x86_64) AppleWebKit/537.36 (KHTML, like Gecko) Chrome/138.0.0.0 Safari/537.36','[]',NULL,NULL),
(2433,'2025-08-03 22:21:27','172.16.0.210','Mozilla/5.0 (X11; Linux x86_64) AppleWebKit/537.36 (KHTML, like Gecko) Chrome/138.0.0.0 Safari/537.36','[]',NULL,NULL),
(2434,'2025-08-03 22:21:47','172.16.0.210','Mozilla/5.0 (Linux; NetCast; U) AppleWebKit/537.36 (KHTML, like Gecko) Chrome/108.0.0.0 Safari/537.36 SmartTV/10.0 Colt/2.0','[]',NULL,NULL),
(2435,'2025-08-03 22:27:44','167.62.161.53','Mozilla/5.0 (Windows NT 10.0; Win64; x64) AppleWebKit/537.36 (KHTML, like Gecko) Chrome/124.0.0.0 Safari/537.36','[]',NULL,NULL),
(2436,'2025-08-03 22:33:56','172.16.0.210','Mozilla/5.0 (X11; Linux x86_64) AppleWebKit/537.36 (KHTML, like Gecko) Chrome/138.0.0.0 Safari/537.36','[]',NULL,NULL),
(2437,'2025-08-03 22:35:17','172.16.0.210','Mozilla/5.0 (X11; Linux x86_64) AppleWebKit/537.36 (KHTML, like Gecko) Chrome/138.0.0.0 Safari/537.36','[]',NULL,NULL),
(2438,'2025-08-03 22:38:16','213.55.242.176','Mozilla/5.0 (iPhone; CPU iPhone OS 18_5_0 like Mac OS X) AppleWebKit/605.1.15 (KHTML, like Gecko) GSA/379.0.786762118 Mobile/15E148 Safari/604.1','[]',NULL,NULL),
(2439,'2025-08-03 22:42:43','213.55.242.176','Mozilla/5.0 (iPhone; CPU iPhone OS 18_5_0 like Mac OS X) AppleWebKit/605.1.15 (KHTML, like Gecko) GSA/379.0.786762118 Mobile/15E148 Safari/604.1','[]',NULL,NULL),
(2440,'2025-08-03 22:42:45','66.249.81.8','Mozilla/5.0 (Linux; Android 10; K) AppleWebKit/537.36 (KHTML, like Gecko) Chrome/138.0.0.0 Mobile Safari/537.36 (compatible; Google-Read-Aloud; +https://support.google.com/webmasters/answer/1061943)','[]',NULL,NULL),
(2441,'2025-08-03 22:54:30','74.131.221.120','Mozilla/5.0 (Windows NT 10.0; Win64; x64; rv:141.0) Gecko/20100101 Firefox/141.0','[]',NULL,NULL),
(2442,'2025-08-03 23:07:10','213.55.242.176','Mozilla/5.0 (iPhone; CPU iPhone OS 18_5_0 like Mac OS X) AppleWebKit/605.1.15 (KHTML, like Gecko) GSA/379.0.786762118 Mobile/15E148 Safari/604.1','[]',NULL,NULL),
(2443,'2025-08-03 23:07:13','66.102.9.192','Mozilla/5.0 (Linux; Android 10; K) AppleWebKit/537.36 (KHTML, like Gecko) Chrome/138.0.0.0 Mobile Safari/537.36 (compatible; Google-Read-Aloud; +https://support.google.com/webmasters/answer/1061943)','[]',NULL,NULL),
(2444,'2025-08-03 23:07:48','74.131.221.120','Mozilla/5.0 (Windows NT 10.0; Win64; x64; rv:141.0) Gecko/20100101 Firefox/141.0','[]',NULL,NULL),
(2445,'2025-08-03 23:39:06','66.249.66.197','Mozilla/5.0 (Linux; Android 6.0.1; Nexus 5X Build/MMB29P) AppleWebKit/537.36 (KHTML, like Gecko) Chrome/137.0.7151.119 Mobile Safari/537.36 (compatible; Googlebot/2.1; +http://www.google.com/bot.html)','[]',NULL,NULL),
(2446,'2025-08-03 23:41:14','66.249.66.197','Mozilla/5.0 AppleWebKit/537.36 (KHTML, like Gecko; compatible; Googlebot/2.1; +http://www.google.com/bot.html) Chrome/137.0.7151.119 Safari/537.36','[]',NULL,NULL),
(2447,'2025-08-03 23:41:15','66.249.66.197','Mozilla/5.0 (Linux; Android 6.0.1; Nexus 5X Build/MMB29P) AppleWebKit/537.36 (KHTML, like Gecko) Chrome/137.0.7151.119 Mobile Safari/537.36 (compatible; Googlebot/2.1; +http://www.google.com/bot.html)','[]',NULL,NULL),
(2448,'2025-08-03 23:43:14','119.246.236.94','Mozilla/5.0 (Windows NT 10.0; Win64; x64) AppleWebKit/537.36 (KHTML, like Gecko) Chrome/138.0.0.0 Safari/537.36','[]',NULL,NULL),
(2449,'2025-08-03 23:58:05','74.131.221.120','Mozilla/5.0 (Windows NT 10.0; Win64; x64; rv:141.0) Gecko/20100101 Firefox/141.0','[]',NULL,NULL),
(2450,'2025-08-03 23:59:14','172.16.0.210','Mozilla/5.0 (X11; Linux x86_64) AppleWebKit/537.36 (KHTML, like Gecko) Chrome/138.0.0.0 Safari/537.36','[]',NULL,NULL),
(2451,'2025-08-04 00:06:11','66.249.66.197','Mozilla/5.0 (Linux; Android 6.0.1; Nexus 5X Build/MMB29P) AppleWebKit/537.36 (KHTML, like Gecko) Chrome/137.0.7151.119 Mobile Safari/537.36 (compatible; Googlebot/2.1; +http://www.google.com/bot.html)','[]',NULL,NULL),
(2452,'2025-08-04 01:03:43','172.16.0.210','Mozilla/5.0 (X11; Linux x86_64) AppleWebKit/537.36 (KHTML, like Gecko) Chrome/138.0.0.0 Safari/537.36','[]',NULL,NULL),
(2453,'2025-08-04 01:10:15','172.16.0.210','Mozilla/5.0 (X11; Linux x86_64) AppleWebKit/537.36 (KHTML, like Gecko) Chrome/138.0.0.0 Safari/537.36','[]',NULL,NULL),
(2454,'2025-08-04 01:11:32','172.16.0.210','Mozilla/5.0 (X11; Linux x86_64) AppleWebKit/537.36 (KHTML, like Gecko) Chrome/138.0.0.0 Safari/537.36','[]','{\"USER\":\"http\",\"HOME\":\"/srv/http\",\"HTTP_COOKIE\":\"PHPSESSID=m99vvtq8ro6f4t9noibo6bfgfe; theme=dark\",\"HTTP_ACCEPT_ENCODING\":\"gzip, deflate, br, zstd\",\"HTTP_SEC_FETCH_DEST\":\"document\",\"HTTP_SEC_FETCH_USER\":\"?1\",\"HTTP_SEC_FETCH_MODE\":\"navigate\",\"HTTP_SEC_FETCH_SITE\":\"cross-site\",\"HTTP_ACCEPT_LANGUAGE\":\"en-GB,en;q=0.5\",\"HTTP_SEC_GPC\":\"1\",\"HTTP_ACCEPT\":\"text/html,application/xhtml+xml,application/xml;q=0.9,image/avif,image/webp,image/apng,*/*;q=0.8\",\"HTTP_USER_AGENT\":\"Mozilla/5.0 (X11; Linux x86_64) AppleWebKit/537.36 (KHTML, like Gecko) Chrome/138.0.0.0 Safari/537.36\",\"HTTP_UPGRADE_INSECURE_REQUESTS\":\"1\",\"HTTP_SEC_CH_UA_PLATFORM\":\"\\\"Linux\\\"\",\"HTTP_SEC_CH_UA_MOBILE\":\"?0\",\"HTTP_SEC_CH_UA\":\"\\\"Not)A;Brand\\\";v=\\\"8\\\", \\\"Chromium\\\";v=\\\"138\\\", \\\"Brave\\\";v=\\\"138\\\"\",\"HTTP_CACHE_CONTROL\":\"max-age=0\",\"HTTP_CONNECTION\":\"keep-alive\",\"HTTP_HOST\":\"novymap.exkc.moe\",\"REDIRECT_STATUS\":\"200\",\"SERVER_NAME\":\"novymap.exkc.moe\",\"SERVER_PORT\":\"443\",\"SERVER_ADDR\":\"192.168.1.2\",\"REMOTE_PORT\":\"57774\",\"REMOTE_ADDR\":\"172.16.0.210\",\"SERVER_SOFTWARE\":\"nginx/1.28.0\",\"GATEWAY_INTERFACE\":\"CGI/1.1\",\"HTTPS\":\"on\",\"REQUEST_SCHEME\":\"https\",\"SERVER_PROTOCOL\":\"HTTP/1.1\",\"DOCUMENT_ROOT\":\"/etc/novy/map\",\"DOCUMENT_URI\":\"/novy.php\",\"REQUEST_URI\":\"/novy.php\",\"SCRIPT_NAME\":\"/novy.php\",\"CONTENT_LENGTH\":\"\",\"CONTENT_TYPE\":\"\",\"REQUEST_METHOD\":\"GET\",\"QUERY_STRING\":\"\",\"SCRIPT_FILENAME\":\"/etc/novy/map/novy.php\",\"FCGI_ROLE\":\"RESPONDER\",\"PHP_SELF\":\"/novy.php\",\"REQUEST_TIME_FLOAT\":1754269892.388973,\"REQUEST_TIME\":1754269892}',NULL),
(2455,'2025-08-04 01:28:36','172.16.0.210','Mozilla/5.0 (X11; Linux x86_64) AppleWebKit/537.36 (KHTML, like Gecko) Chrome/138.0.0.0 Safari/537.36','[]','{\"USER\":\"http\",\"HOME\":\"/srv/http\",\"HTTP_COOKIE\":\"PHPSESSID=m99vvtq8ro6f4t9noibo6bfgfe; theme=dark\",\"HTTP_ACCEPT_ENCODING\":\"gzip, deflate, br, zstd\",\"HTTP_SEC_FETCH_DEST\":\"document\",\"HTTP_SEC_FETCH_USER\":\"?1\",\"HTTP_SEC_FETCH_MODE\":\"navigate\",\"HTTP_SEC_FETCH_SITE\":\"cross-site\",\"HTTP_ACCEPT_LANGUAGE\":\"en-GB,en;q=0.5\",\"HTTP_SEC_GPC\":\"1\",\"HTTP_ACCEPT\":\"text/html,application/xhtml+xml,application/xml;q=0.9,image/avif,image/webp,image/apng,*/*;q=0.8\",\"HTTP_USER_AGENT\":\"Mozilla/5.0 (X11; Linux x86_64) AppleWebKit/537.36 (KHTML, like Gecko) Chrome/138.0.0.0 Safari/537.36\",\"HTTP_UPGRADE_INSECURE_REQUESTS\":\"1\",\"HTTP_SEC_CH_UA_PLATFORM\":\"\\\"Linux\\\"\",\"HTTP_SEC_CH_UA_MOBILE\":\"?0\",\"HTTP_SEC_CH_UA\":\"\\\"Not)A;Brand\\\";v=\\\"8\\\", \\\"Chromium\\\";v=\\\"138\\\", \\\"Brave\\\";v=\\\"138\\\"\",\"HTTP_CACHE_CONTROL\":\"max-age=0\",\"HTTP_CONNECTION\":\"keep-alive\",\"HTTP_HOST\":\"novymap.exkc.moe\",\"REDIRECT_STATUS\":\"200\",\"SERVER_NAME\":\"novymap.exkc.moe\",\"SERVER_PORT\":\"443\",\"SERVER_ADDR\":\"192.168.1.2\",\"REMOTE_PORT\":\"60520\",\"REMOTE_ADDR\":\"172.16.0.210\",\"SERVER_SOFTWARE\":\"nginx/1.28.0\",\"GATEWAY_INTERFACE\":\"CGI/1.1\",\"HTTPS\":\"on\",\"REQUEST_SCHEME\":\"https\",\"SERVER_PROTOCOL\":\"HTTP/1.1\",\"DOCUMENT_ROOT\":\"/etc/novy/map\",\"DOCUMENT_URI\":\"/novy.php\",\"REQUEST_URI\":\"/novy.php\",\"SCRIPT_NAME\":\"/novy.php\",\"CONTENT_LENGTH\":\"\",\"CONTENT_TYPE\":\"\",\"REQUEST_METHOD\":\"GET\",\"QUERY_STRING\":\"\",\"SCRIPT_FILENAME\":\"/etc/novy/map/novy.php\",\"FCGI_ROLE\":\"RESPONDER\",\"PHP_SELF\":\"/novy.php\",\"REQUEST_TIME_FLOAT\":1754270915.925753,\"REQUEST_TIME\":1754270915}',NULL),
(2456,'2025-08-04 08:07:28','172.16.0.210','Mozilla/5.0 (X11; Linux x86_64; rv:140.0) Gecko/20100101 Firefox/140.0','[]','{\"USER\":\"http\",\"HOME\":\"/srv/http\",\"HTTP_PRIORITY\":\"u=4\",\"HTTP_SEC_FETCH_SITE\":\"same-origin\",\"HTTP_SEC_FETCH_MODE\":\"cors\",\"HTTP_SEC_FETCH_DEST\":\"empty\",\"HTTP_CONNECTION\":\"keep-alive\",\"HTTP_SEC_GPC\":\"1\",\"HTTP_DNT\":\"1\",\"HTTP_REFERER\":\"https://novymap.exkc.moe/novydontpro\",\"HTTP_ACCEPT_ENCODING\":\"gzip, deflate, br, zstd\",\"HTTP_ACCEPT_LANGUAGE\":\"en-US,en;q=0.5\",\"HTTP_ACCEPT\":\"*/*\",\"HTTP_USER_AGENT\":\"Mozilla/5.0 (X11; Linux x86_64; rv:140.0) Gecko/20100101 Firefox/140.0\",\"HTTP_HOST\":\"novymap.exkc.moe\",\"REDIRECT_STATUS\":\"200\",\"SERVER_NAME\":\"novymap.exkc.moe\",\"SERVER_PORT\":\"443\",\"SERVER_ADDR\":\"192.168.1.2\",\"REMOTE_PORT\":\"44274\",\"REMOTE_ADDR\":\"172.16.0.210\",\"SERVER_SOFTWARE\":\"nginx/1.28.0\",\"GATEWAY_INTERFACE\":\"CGI/1.1\",\"HTTPS\":\"on\",\"REQUEST_SCHEME\":\"https\",\"SERVER_PROTOCOL\":\"HTTP/1.1\",\"DOCUMENT_ROOT\":\"/etc/novy/map\",\"DOCUMENT_URI\":\"/novy.php\",\"REQUEST_URI\":\"/novy.php\",\"SCRIPT_NAME\":\"/novy.php\",\"CONTENT_LENGTH\":\"\",\"CONTENT_TYPE\":\"\",\"REQUEST_METHOD\":\"GET\",\"QUERY_STRING\":\"\",\"SCRIPT_FILENAME\":\"/etc/novy/map/novy.php\",\"FCGI_ROLE\":\"RESPONDER\",\"PHP_SELF\":\"/novy.php\",\"REQUEST_TIME_FLOAT\":1754294848.254777,\"REQUEST_TIME\":1754294848}',NULL),
(2457,'2025-08-04 08:07:33','172.16.0.210','Mozilla/5.0 (X11; Linux x86_64; rv:140.0) Gecko/20100101 Firefox/140.0','[]','{\"USER\":\"http\",\"HOME\":\"/srv/http\",\"HTTP_PRIORITY\":\"u=4\",\"HTTP_SEC_FETCH_SITE\":\"same-origin\",\"HTTP_SEC_FETCH_MODE\":\"cors\",\"HTTP_SEC_FETCH_DEST\":\"empty\",\"HTTP_COOKIE\":\"PHPSESSID=8ijc2ii7k5h2i0babdp6f0u10j\",\"HTTP_CONNECTION\":\"keep-alive\",\"HTTP_SEC_GPC\":\"1\",\"HTTP_DNT\":\"1\",\"HTTP_REFERER\":\"https://novymap.exkc.moe/novydontpro\",\"HTTP_ACCEPT_ENCODING\":\"gzip, deflate, br, zstd\",\"HTTP_ACCEPT_LANGUAGE\":\"en-US,en;q=0.5\",\"HTTP_ACCEPT\":\"*/*\",\"HTTP_USER_AGENT\":\"Mozilla/5.0 (X11; Linux x86_64; rv:140.0) Gecko/20100101 Firefox/140.0\",\"HTTP_HOST\":\"novymap.exkc.moe\",\"REDIRECT_STATUS\":\"200\",\"SERVER_NAME\":\"novymap.exkc.moe\",\"SERVER_PORT\":\"443\",\"SERVER_ADDR\":\"192.168.1.2\",\"REMOTE_PORT\":\"44266\",\"REMOTE_ADDR\":\"172.16.0.210\",\"SERVER_SOFTWARE\":\"nginx/1.28.0\",\"GATEWAY_INTERFACE\":\"CGI/1.1\",\"HTTPS\":\"on\",\"REQUEST_SCHEME\":\"https\",\"SERVER_PROTOCOL\":\"HTTP/1.1\",\"DOCUMENT_ROOT\":\"/etc/novy/map\",\"DOCUMENT_URI\":\"/novy.php\",\"REQUEST_URI\":\"/novy.php\",\"SCRIPT_NAME\":\"/novy.php\",\"CONTENT_LENGTH\":\"\",\"CONTENT_TYPE\":\"\",\"REQUEST_METHOD\":\"GET\",\"QUERY_STRING\":\"\",\"SCRIPT_FILENAME\":\"/etc/novy/map/novy.php\",\"FCGI_ROLE\":\"RESPONDER\",\"PHP_SELF\":\"/novy.php\",\"REQUEST_TIME_FLOAT\":1754294852.751306,\"REQUEST_TIME\":1754294852}',NULL),
(2458,'2025-08-04 09:15:51','172.16.0.210','Mozilla/5.0 (X11; Linux x86_64; rv:140.0) Gecko/20100101 Firefox/140.0','[]','{\"USER\":\"http\",\"HOME\":\"/srv/http\",\"HTTP_PRIORITY\":\"u=4\",\"HTTP_SEC_FETCH_SITE\":\"same-origin\",\"HTTP_SEC_FETCH_MODE\":\"cors\",\"HTTP_SEC_FETCH_DEST\":\"empty\",\"HTTP_COOKIE\":\"PHPSESSID=se9q29gg671mdph40uohotcj9u\",\"HTTP_CONNECTION\":\"keep-alive\",\"HTTP_SEC_GPC\":\"1\",\"HTTP_DNT\":\"1\",\"HTTP_REFERER\":\"https://novymap.exkc.moe/novydontpro\",\"HTTP_ACCEPT_ENCODING\":\"gzip, deflate, br, zstd\",\"HTTP_ACCEPT_LANGUAGE\":\"en-US,en;q=0.5\",\"HTTP_ACCEPT\":\"*/*\",\"HTTP_USER_AGENT\":\"Mozilla/5.0 (X11; Linux x86_64; rv:140.0) Gecko/20100101 Firefox/140.0\",\"HTTP_HOST\":\"novymap.exkc.moe\",\"REDIRECT_STATUS\":\"200\",\"SERVER_NAME\":\"novymap.exkc.moe\",\"SERVER_PORT\":\"443\",\"SERVER_ADDR\":\"192.168.1.2\",\"REMOTE_PORT\":\"35608\",\"REMOTE_ADDR\":\"172.16.0.210\",\"SERVER_SOFTWARE\":\"nginx/1.28.0\",\"GATEWAY_INTERFACE\":\"CGI/1.1\",\"HTTPS\":\"on\",\"REQUEST_SCHEME\":\"https\",\"SERVER_PROTOCOL\":\"HTTP/1.1\",\"DOCUMENT_ROOT\":\"/etc/novy/map\",\"DOCUMENT_URI\":\"/novy.php\",\"REQUEST_URI\":\"/novy.php\",\"SCRIPT_NAME\":\"/novy.php\",\"CONTENT_LENGTH\":\"\",\"CONTENT_TYPE\":\"\",\"REQUEST_METHOD\":\"GET\",\"QUERY_STRING\":\"\",\"SCRIPT_FILENAME\":\"/etc/novy/map/novy.php\",\"FCGI_ROLE\":\"RESPONDER\",\"PHP_SELF\":\"/novy.php\",\"REQUEST_TIME_FLOAT\":1754298950.6417,\"REQUEST_TIME\":1754298950}',NULL),
(2459,'2025-08-04 10:05:12','172.16.0.210','Mozilla/5.0 (X11; Linux x86_64; rv:140.0) Gecko/20100101 Firefox/140.0','[]','{\"USER\":\"http\",\"HOME\":\"/srv/http\",\"HTTP_PRIORITY\":\"u=4\",\"HTTP_SEC_FETCH_SITE\":\"same-origin\",\"HTTP_SEC_FETCH_MODE\":\"cors\",\"HTTP_SEC_FETCH_DEST\":\"empty\",\"HTTP_COOKIE\":\"PHPSESSID=se9q29gg671mdph40uohotcj9u\",\"HTTP_CONNECTION\":\"keep-alive\",\"HTTP_SEC_GPC\":\"1\",\"HTTP_DNT\":\"1\",\"HTTP_REFERER\":\"https://novymap.exkc.moe/novydontpro\",\"HTTP_ACCEPT_ENCODING\":\"gzip, deflate, br, zstd\",\"HTTP_ACCEPT_LANGUAGE\":\"en-US,en;q=0.5\",\"HTTP_ACCEPT\":\"*/*\",\"HTTP_USER_AGENT\":\"Mozilla/5.0 (X11; Linux x86_64; rv:140.0) Gecko/20100101 Firefox/140.0\",\"HTTP_HOST\":\"novymap.exkc.moe\",\"REDIRECT_STATUS\":\"200\",\"SERVER_NAME\":\"novymap.exkc.moe\",\"SERVER_PORT\":\"443\",\"SERVER_ADDR\":\"192.168.1.2\",\"REMOTE_PORT\":\"56516\",\"REMOTE_ADDR\":\"172.16.0.210\",\"SERVER_SOFTWARE\":\"nginx/1.28.0\",\"GATEWAY_INTERFACE\":\"CGI/1.1\",\"HTTPS\":\"on\",\"REQUEST_SCHEME\":\"https\",\"SERVER_PROTOCOL\":\"HTTP/1.1\",\"DOCUMENT_ROOT\":\"/etc/novy/map\",\"DOCUMENT_URI\":\"/novy.php\",\"REQUEST_URI\":\"/novy.php\",\"SCRIPT_NAME\":\"/novy.php\",\"CONTENT_LENGTH\":\"\",\"CONTENT_TYPE\":\"\",\"REQUEST_METHOD\":\"GET\",\"QUERY_STRING\":\"\",\"SCRIPT_FILENAME\":\"/etc/novy/map/novy.php\",\"FCGI_ROLE\":\"RESPONDER\",\"PHP_SELF\":\"/novy.php\",\"REQUEST_TIME_FLOAT\":1754301911.848728,\"REQUEST_TIME\":1754301911}',NULL),
(2460,'2025-08-04 10:51:03','213.55.242.176','Mozilla/5.0 (iPhone; CPU iPhone OS 18_5_0 like Mac OS X) AppleWebKit/605.1.15 (KHTML, like Gecko) GSA/379.0.786762118 Mobile/15E148 Safari/604.1','[]','{\"USER\":\"http\",\"HOME\":\"/srv/http\",\"HTTP_ACCEPT_ENCODING\":\"gzip, deflate, br\",\"HTTP_REFERER\":\"https://novymap.exkc.moe/novydontpro\",\"HTTP_ACCEPT_LANGUAGE\":\"de-DE,de;q=0.9\",\"HTTP_USER_AGENT\":\"Mozilla/5.0 (iPhone; CPU iPhone OS 18_5_0 like Mac OS X) AppleWebKit/605.1.15 (KHTML, like Gecko) GSA/379.0.786762118 Mobile/15E148 Safari/604.1\",\"HTTP_ACCEPT\":\"*/*\",\"HTTP_SEC_FETCH_MODE\":\"cors\",\"HTTP_CONNECTION\":\"keep-alive\",\"HTTP_SEC_FETCH_DEST\":\"empty\",\"HTTP_SEC_FETCH_SITE\":\"same-origin\",\"HTTP_HOST\":\"novymap.exkc.moe\",\"REDIRECT_STATUS\":\"200\",\"SERVER_NAME\":\"novymap.exkc.moe\",\"SERVER_PORT\":\"443\",\"SERVER_ADDR\":\"192.168.1.2\",\"REMOTE_PORT\":\"51054\",\"REMOTE_ADDR\":\"213.55.242.176\",\"SERVER_SOFTWARE\":\"nginx/1.28.0\",\"GATEWAY_INTERFACE\":\"CGI/1.1\",\"HTTPS\":\"on\",\"REQUEST_SCHEME\":\"https\",\"SERVER_PROTOCOL\":\"HTTP/1.1\",\"DOCUMENT_ROOT\":\"/etc/novy/map\",\"DOCUMENT_URI\":\"/novy.php\",\"REQUEST_URI\":\"/novy.php\",\"SCRIPT_NAME\":\"/novy.php\",\"CONTENT_LENGTH\":\"\",\"CONTENT_TYPE\":\"\",\"REQUEST_METHOD\":\"GET\",\"QUERY_STRING\":\"\",\"SCRIPT_FILENAME\":\"/etc/novy/map/novy.php\",\"FCGI_ROLE\":\"RESPONDER\",\"PHP_SELF\":\"/novy.php\",\"REQUEST_TIME_FLOAT\":1754304662.922308,\"REQUEST_TIME\":1754304662}',NULL),
(2461,'2025-08-04 10:51:07','74.125.210.160','Mozilla/5.0 (Linux; Android 10; K) AppleWebKit/537.36 (KHTML, like Gecko) Chrome/138.0.0.0 Mobile Safari/537.36 (compatible; Google-Read-Aloud; +https://support.google.com/webmasters/answer/1061943)','[]','{\"USER\":\"http\",\"HOME\":\"/srv/http\",\"HTTP_ACCEPT_ENCODING\":\"gzip, deflate, br\",\"HTTP_USER_AGENT\":\"Mozilla/5.0 (Linux; Android 10; K) AppleWebKit/537.36 (KHTML, like Gecko) Chrome/138.0.0.0 Mobile Safari/537.36 (compatible; Google-Read-Aloud; +https://support.google.com/webmasters/answer/1061943)\",\"HTTP_ACCEPT\":\"*/*\",\"HTTP_CONNECTION\":\"keep-alive\",\"HTTP_HOST\":\"novymap.exkc.moe\",\"HTTP_REFERER\":\"https://novymap.exkc.moe/novydontpro\",\"HTTP_COOKIE\":\"PHPSESSID=f9594vt4vensd71eo295135t8c\",\"HTTP_ACCEPT_LANGUAGE\":\"en-US\",\"REDIRECT_STATUS\":\"200\",\"SERVER_NAME\":\"novymap.exkc.moe\",\"SERVER_PORT\":\"443\",\"SERVER_ADDR\":\"192.168.1.2\",\"REMOTE_PORT\":\"35680\",\"REMOTE_ADDR\":\"74.125.210.160\",\"SERVER_SOFTWARE\":\"nginx/1.28.0\",\"GATEWAY_INTERFACE\":\"CGI/1.1\",\"HTTPS\":\"on\",\"REQUEST_SCHEME\":\"https\",\"SERVER_PROTOCOL\":\"HTTP/1.1\",\"DOCUMENT_ROOT\":\"/etc/novy/map\",\"DOCUMENT_URI\":\"/novy.php\",\"REQUEST_URI\":\"/novy.php\",\"SCRIPT_NAME\":\"/novy.php\",\"CONTENT_LENGTH\":\"\",\"CONTENT_TYPE\":\"\",\"REQUEST_METHOD\":\"GET\",\"QUERY_STRING\":\"\",\"SCRIPT_FILENAME\":\"/etc/novy/map/novy.php\",\"FCGI_ROLE\":\"RESPONDER\",\"PHP_SELF\":\"/novy.php\",\"REQUEST_TIME_FLOAT\":1754304666.809768,\"REQUEST_TIME\":1754304666}',NULL);
/*!40000 ALTER TABLE `usage_log_qvh` ENABLE KEYS */;
UNLOCK TABLES;
commit;
/*!40103 SET TIME_ZONE=@OLD_TIME_ZONE */;

/*!40101 SET SQL_MODE=@OLD_SQL_MODE */;
/*!40014 SET FOREIGN_KEY_CHECKS=@OLD_FOREIGN_KEY_CHECKS */;
/*!40014 SET UNIQUE_CHECKS=@OLD_UNIQUE_CHECKS */;
/*!40101 SET CHARACTER_SET_CLIENT=@OLD_CHARACTER_SET_CLIENT */;
/*!40101 SET CHARACTER_SET_RESULTS=@OLD_CHARACTER_SET_RESULTS */;
/*!40101 SET COLLATION_CONNECTION=@OLD_COLLATION_CONNECTION */;
/*M!100616 SET NOTE_VERBOSITY=@OLD_NOTE_VERBOSITY */;

-- Dump completed on 2026-03-13 17:36:56
